2026-03-22T11:30:46.554+03:00  INFO 24320 --- [api] [main] com.kipcollo.ApiApplicationTests         : Starting ApiApplicationTests using Java 21.0.10-ea with PID 24320 (started by collins in /home/collins/Documents/03_Projects/Academic/Pharmacy/api)
2026-03-22T11:30:46.562+03:00  INFO 24320 --- [api] [main] com.kipcollo.ApiApplicationTests         : The following 1 profile is active: "dev"
2026-03-22T11:30:59.090+03:00  INFO 24320 --- [api] [main] .s.d.r.c.RepositoryConfigurationDelegate : Bootstrapping Spring Data JPA repositories in DEFAULT mode.
2026-03-22T11:30:59.473+03:00  INFO 24320 --- [api] [main] .s.d.r.c.RepositoryConfigurationDelegate : Finished Spring Data repository scanning in 143 ms. Found 13 JPA repository interfaces.
2026-03-22T11:31:06.308+03:00  INFO 24320 --- [api] [main] o.hibernate.jpa.internal.util.LogHelper  : HHH000204: Processing PersistenceUnitInfo [name: default]
2026-03-22T11:31:10.650+03:00  INFO 24320 --- [api] [main] org.hibernate.Version                    : HHH000412: Hibernate ORM core version 6.6.8.Final
2026-03-22T11:31:14.045+03:00  INFO 24320 --- [api] [main] o.h.c.internal.RegionFactoryInitiator    : HHH000026: Second-level cache disabled
2026-03-22T11:31:21.991+03:00  INFO 24320 --- [api] [main] o.s.o.j.p.SpringPersistenceUnitInfo      : No LoadTimeWeaver setup: ignoring JPA class transformer
2026-03-22T11:31:23.103+03:00  INFO 24320 --- [api] [main] com.zaxxer.hikari.HikariDataSource       : HikariPool-1 - Starting...
2026-03-22T11:31:26.313+03:00  INFO 24320 --- [api] [main] com.zaxxer.hikari.pool.HikariPool        : HikariPool-1 - Added connection org.postgresql.jdbc.PgConnection@789d8fd6
2026-03-22T11:31:26.315+03:00  INFO 24320 --- [api] [main] com.zaxxer.hikari.HikariDataSource       : HikariPool-1 - Start completed.
2026-03-22T11:31:26.916+03:00  WARN 24320 --- [api] [main] org.hibernate.orm.deprecation            : HHH90000025: PostgreSQLDialect does not need to be specified explicitly using 'hibernate.dialect' (remove the property setting and it will be selected by default)
2026-03-22T11:31:26.937+03:00  INFO 24320 --- [api] [main] org.hibernate.orm.connections.pooling    : HHH10001005: Database info:
	Database JDBC URL [Connecting through datasource 'HikariDataSource (HikariPool-1)']
	Database driver: undefined/unknown
	Database version: 16.4
	Autocommit mode: undefined/unknown
	Isolation level: undefined/unknown
	Minimum pool size: undefined/unknown
	Maximum pool size: undefined/unknown
2026-03-22T11:31:30.021+03:00  INFO 24320 --- [api] [main] o.h.e.t.j.p.i.JtaPlatformInitiator       : HHH000489: No JTA platform available (set 'hibernate.transaction.jta.platform' to enable JTA platform integration)
2026-03-22T11:31:30.038+03:00  INFO 24320 --- [api] [main] org.hibernate.orm.connections.access     : HHH10001501: Connection obtained from JdbcConnectionAccess [org.hibernate.engine.jdbc.env.internal.JdbcEnvironmentInitiator$ConnectionProviderJdbcConnectionAccess@2e587292] for (non-JTA) DDL execution was not in auto-commit mode; the Connection 'local transaction' will be committed and the Connection will be set into auto-commit mode.
2026-03-22T11:31:33.052+03:00  WARN 24320 --- [api] [main] o.h.t.s.i.ExceptionHandlerLoggedImpl     : GenerationTarget encountered exception accepting command : Error executing DDL "
    alter table if exists cart 
       add constraint FKg5uhi8vpsuy0lgloxk2h4w5o6 
       foreign key (user_id) 
       references public.users" via JDBC [ERROR: insert or update on table "cart" violates foreign key constraint "fkg5uhi8vpsuy0lgloxk2h4w5o6"
  Detail: Key (user_id)=(1) is not present in table "users".]

org.hibernate.tool.schema.spi.CommandAcceptanceException: Error executing DDL "
    alter table if exists cart 
       add constraint FKg5uhi8vpsuy0lgloxk2h4w5o6 
       foreign key (user_id) 
       references public.users" via JDBC [ERROR: insert or update on table "cart" violates foreign key constraint "fkg5uhi8vpsuy0lgloxk2h4w5o6"
  Detail: Key (user_id)=(1) is not present in table "users".]
	at org.hibernate.tool.schema.internal.exec.GenerationTargetToDatabase.accept(GenerationTargetToDatabase.java:94) ~[hibernate-core-6.6.8.Final.jar:6.6.8.Final]
	at org.hibernate.tool.schema.internal.AbstractSchemaMigrator.applySqlString(AbstractSchemaMigrator.java:576) ~[hibernate-core-6.6.8.Final.jar:6.6.8.Final]
	at org.hibernate.tool.schema.internal.AbstractSchemaMigrator.applySqlStrings(AbstractSchemaMigrator.java:516) ~[hibernate-core-6.6.8.Final.jar:6.6.8.Final]
	at org.hibernate.tool.schema.internal.AbstractSchemaMigrator.applyForeignKeys(AbstractSchemaMigrator.java:448) ~[hibernate-core-6.6.8.Final.jar:6.6.8.Final]
	at org.hibernate.tool.schema.internal.AbstractSchemaMigrator.performMigration(AbstractSchemaMigrator.java:269) ~[hibernate-core-6.6.8.Final.jar:6.6.8.Final]
	at org.hibernate.tool.schema.internal.AbstractSchemaMigrator.doMigration(AbstractSchemaMigrator.java:112) ~[hibernate-core-6.6.8.Final.jar:6.6.8.Final]
	at org.hibernate.tool.schema.spi.SchemaManagementToolCoordinator.performDatabaseAction(SchemaManagementToolCoordinator.java:280) ~[hibernate-core-6.6.8.Final.jar:6.6.8.Final]
	at org.hibernate.tool.schema.spi.SchemaManagementToolCoordinator.lambda$process$5(SchemaManagementToolCoordinator.java:144) ~[hibernate-core-6.6.8.Final.jar:6.6.8.Final]
	at java.base/java.util.HashMap.forEach(HashMap.java:1429) ~[na:na]
	at org.hibernate.tool.schema.spi.SchemaManagementToolCoordinator.process(SchemaManagementToolCoordinator.java:141) ~[hibernate-core-6.6.8.Final.jar:6.6.8.Final]
	at org.hibernate.boot.internal.SessionFactoryObserverForSchemaExport.sessionFactoryCreated(SessionFactoryObserverForSchemaExport.java:37) ~[hibernate-core-6.6.8.Final.jar:6.6.8.Final]
	at org.hibernate.internal.SessionFactoryObserverChain.sessionFactoryCreated(SessionFactoryObserverChain.java:35) ~[hibernate-core-6.6.8.Final.jar:6.6.8.Final]
	at org.hibernate.internal.SessionFactoryImpl.<init>(SessionFactoryImpl.java:324) ~[hibernate-core-6.6.8.Final.jar:6.6.8.Final]
	at org.hibernate.boot.internal.SessionFactoryBuilderImpl.build(SessionFactoryBuilderImpl.java:463) ~[hibernate-core-6.6.8.Final.jar:6.6.8.Final]
	at org.hibernate.jpa.boot.internal.EntityManagerFactoryBuilderImpl.build(EntityManagerFactoryBuilderImpl.java:1517) ~[hibernate-core-6.6.8.Final.jar:6.6.8.Final]
	at org.springframework.orm.jpa.vendor.SpringHibernateJpaPersistenceProvider.createContainerEntityManagerFactory(SpringHibernateJpaPersistenceProvider.java:66) ~[spring-orm-6.2.3.jar:6.2.3]
	at org.springframework.orm.jpa.LocalContainerEntityManagerFactoryBean.createNativeEntityManagerFactory(LocalContainerEntityManagerFactoryBean.java:390) ~[spring-orm-6.2.3.jar:6.2.3]
	at org.springframework.orm.jpa.AbstractEntityManagerFactoryBean.buildNativeEntityManagerFactory(AbstractEntityManagerFactoryBean.java:419) ~[spring-orm-6.2.3.jar:6.2.3]
	at org.springframework.orm.jpa.AbstractEntityManagerFactoryBean.afterPropertiesSet(AbstractEntityManagerFactoryBean.java:400) ~[spring-orm-6.2.3.jar:6.2.3]
	at org.springframework.orm.jpa.LocalContainerEntityManagerFactoryBean.afterPropertiesSet(LocalContainerEntityManagerFactoryBean.java:366) ~[spring-orm-6.2.3.jar:6.2.3]
	at org.springframework.beans.factory.support.AbstractAutowireCapableBeanFactory.invokeInitMethods(AbstractAutowireCapableBeanFactory.java:1859) ~[spring-beans-6.2.3.jar:6.2.3]
	at org.springframework.beans.factory.support.AbstractAutowireCapableBeanFactory.initializeBean(AbstractAutowireCapableBeanFactory.java:1808) ~[spring-beans-6.2.3.jar:6.2.3]
	at org.springframework.beans.factory.support.AbstractAutowireCapableBeanFactory.doCreateBean(AbstractAutowireCapableBeanFactory.java:601) ~[spring-beans-6.2.3.jar:6.2.3]
	at org.springframework.beans.factory.support.AbstractAutowireCapableBeanFactory.createBean(AbstractAutowireCapableBeanFactory.java:523) ~[spring-beans-6.2.3.jar:6.2.3]
	at org.springframework.beans.factory.support.AbstractBeanFactory.lambda$doGetBean$0(AbstractBeanFactory.java:339) ~[spring-beans-6.2.3.jar:6.2.3]
	at org.springframework.beans.factory.support.DefaultSingletonBeanRegistry.getSingleton(DefaultSingletonBeanRegistry.java:346) ~[spring-beans-6.2.3.jar:6.2.3]
	at org.springframework.beans.factory.support.AbstractBeanFactory.doGetBean(AbstractBeanFactory.java:337) ~[spring-beans-6.2.3.jar:6.2.3]
	at org.springframework.beans.factory.support.AbstractBeanFactory.getBean(AbstractBeanFactory.java:207) ~[spring-beans-6.2.3.jar:6.2.3]
	at org.springframework.context.support.AbstractApplicationContext.finishBeanFactoryInitialization(AbstractApplicationContext.java:970) ~[spring-context-6.2.3.jar:6.2.3]
	at org.springframework.context.support.AbstractApplicationContext.refresh(AbstractApplicationContext.java:627) ~[spring-context-6.2.3.jar:6.2.3]
	at org.springframework.boot.SpringApplication.refresh(SpringApplication.java:752) ~[spring-boot-3.4.3.jar:3.4.3]
	at org.springframework.boot.SpringApplication.refreshContext(SpringApplication.java:439) ~[spring-boot-3.4.3.jar:3.4.3]
	at org.springframework.boot.SpringApplication.run(SpringApplication.java:318) ~[spring-boot-3.4.3.jar:3.4.3]
	at org.springframework.boot.test.context.SpringBootContextLoader.lambda$loadContext$3(SpringBootContextLoader.java:137) ~[spring-boot-test-3.4.3.jar:3.4.3]
	at org.springframework.util.function.ThrowingSupplier.get(ThrowingSupplier.java:58) ~[spring-core-6.2.3.jar:6.2.3]
	at org.springframework.util.function.ThrowingSupplier.get(ThrowingSupplier.java:46) ~[spring-core-6.2.3.jar:6.2.3]
	at org.springframework.boot.SpringApplication.withHook(SpringApplication.java:1461) ~[spring-boot-3.4.3.jar:3.4.3]
	at org.springframework.boot.test.context.SpringBootContextLoader$ContextLoaderHook.run(SpringBootContextLoader.java:553) ~[spring-boot-test-3.4.3.jar:3.4.3]
	at org.springframework.boot.test.context.SpringBootContextLoader.loadContext(SpringBootContextLoader.java:137) ~[spring-boot-test-3.4.3.jar:3.4.3]
	at org.springframework.boot.test.context.SpringBootContextLoader.loadContext(SpringBootContextLoader.java:108) ~[spring-boot-test-3.4.3.jar:3.4.3]
	at org.springframework.test.context.cache.DefaultCacheAwareContextLoaderDelegate.loadContextInternal(DefaultCacheAwareContextLoaderDelegate.java:225) ~[spring-test-6.2.3.jar:6.2.3]
	at org.springframework.test.context.cache.DefaultCacheAwareContextLoaderDelegate.loadContext(DefaultCacheAwareContextLoaderDelegate.java:152) ~[spring-test-6.2.3.jar:6.2.3]
	at org.springframework.test.context.support.DefaultTestContext.getApplicationContext(DefaultTestContext.java:130) ~[spring-test-6.2.3.jar:6.2.3]
	at org.springframework.test.context.web.ServletTestExecutionListener.setUpRequestContextIfNecessary(ServletTestExecutionListener.java:200) ~[spring-test-6.2.3.jar:6.2.3]
	at org.springframework.test.context.web.ServletTestExecutionListener.prepareTestInstance(ServletTestExecutionListener.java:139) ~[spring-test-6.2.3.jar:6.2.3]
	at org.springframework.test.context.TestContextManager.prepareTestInstance(TestContextManager.java:260) ~[spring-test-6.2.3.jar:6.2.3]
	at org.springframework.test.context.junit.jupiter.SpringExtension.postProcessTestInstance(SpringExtension.java:160) ~[spring-test-6.2.3.jar:6.2.3]
	at org.junit.jupiter.engine.descriptor.ClassBasedTestDescriptor.lambda$invokeTestInstancePostProcessors$11(ClassBasedTestDescriptor.java:378) ~[junit-jupiter-engine-5.11.4.jar:5.11.4]
	at org.junit.jupiter.engine.descriptor.ClassBasedTestDescriptor.executeAndMaskThrowable(ClassBasedTestDescriptor.java:383) ~[junit-jupiter-engine-5.11.4.jar:5.11.4]
	at org.junit.jupiter.engine.descriptor.ClassBasedTestDescriptor.lambda$invokeTestInstancePostProcessors$12(ClassBasedTestDescriptor.java:378) ~[junit-jupiter-engine-5.11.4.jar:5.11.4]
	at java.base/java.util.stream.ForEachOps$ForEachOp$OfRef.accept(ForEachOps.java:184) ~[na:na]
	at java.base/java.util.stream.ReferencePipeline$3$1.accept(ReferencePipeline.java:197) ~[na:na]
	at java.base/java.util.stream.ReferencePipeline$2$1.accept(ReferencePipeline.java:179) ~[na:na]
	at java.base/java.util.stream.ReferencePipeline$3$1.accept(ReferencePipeline.java:197) ~[na:na]
	at java.base/java.util.ArrayList$ArrayListSpliterator.forEachRemaining(ArrayList.java:1708) ~[na:na]
	at java.base/java.util.stream.AbstractPipeline.copyInto(AbstractPipeline.java:509) ~[na:na]
	at java.base/java.util.stream.AbstractPipeline.wrapAndCopyInto(AbstractPipeline.java:499) ~[na:na]
	at java.base/java.util.stream.ForEachOps$ForEachOp.evaluateSequential(ForEachOps.java:151) ~[na:na]
	at java.base/java.util.stream.ForEachOps$ForEachOp$OfRef.evaluateSequential(ForEachOps.java:174) ~[na:na]
	at java.base/java.util.stream.AbstractPipeline.evaluate(AbstractPipeline.java:234) ~[na:na]
	at java.base/java.util.stream.ReferencePipeline.forEach(ReferencePipeline.java:596) ~[na:na]
	at org.junit.jupiter.engine.descriptor.ClassBasedTestDescriptor.invokeTestInstancePostProcessors(ClassBasedTestDescriptor.java:377) ~[junit-jupiter-engine-5.11.4.jar:5.11.4]
	at org.junit.jupiter.engine.descriptor.ClassBasedTestDescriptor.lambda$instantiateAndPostProcessTestInstance$7(ClassBasedTestDescriptor.java:290) ~[junit-jupiter-engine-5.11.4.jar:5.11.4]
	at org.junit.platform.engine.support.hierarchical.ThrowableCollector.execute(ThrowableCollector.java:73) ~[junit-platform-engine-1.11.4.jar:1.11.4]
	at org.junit.jupiter.engine.descriptor.ClassBasedTestDescriptor.instantiateAndPostProcessTestInstance(ClassBasedTestDescriptor.java:289) ~[junit-jupiter-engine-5.11.4.jar:5.11.4]
	at org.junit.jupiter.engine.descriptor.ClassBasedTestDescriptor.lambda$testInstancesProvider$5(ClassBasedTestDescriptor.java:279) ~[junit-jupiter-engine-5.11.4.jar:5.11.4]
	at java.base/java.util.Optional.orElseGet(Optional.java:364) ~[na:na]
	at org.junit.jupiter.engine.descriptor.ClassBasedTestDescriptor.lambda$testInstancesProvider$6(ClassBasedTestDescriptor.java:278) ~[junit-jupiter-engine-5.11.4.jar:5.11.4]
	at org.junit.jupiter.engine.execution.TestInstancesProvider.getTestInstances(TestInstancesProvider.java:31) ~[junit-jupiter-engine-5.11.4.jar:5.11.4]
	at org.junit.jupiter.engine.descriptor.TestMethodTestDescriptor.lambda$prepare$1(TestMethodTestDescriptor.java:105) ~[junit-jupiter-engine-5.11.4.jar:5.11.4]
	at org.junit.platform.engine.support.hierarchical.ThrowableCollector.execute(ThrowableCollector.java:73) ~[junit-platform-engine-1.11.4.jar:1.11.4]
	at org.junit.jupiter.engine.descriptor.TestMethodTestDescriptor.prepare(TestMethodTestDescriptor.java:104) ~[junit-jupiter-engine-5.11.4.jar:5.11.4]
	at org.junit.jupiter.engine.descriptor.TestMethodTestDescriptor.prepare(TestMethodTestDescriptor.java:68) ~[junit-jupiter-engine-5.11.4.jar:5.11.4]
	at org.junit.platform.engine.support.hierarchical.NodeTestTask.lambda$prepare$2(NodeTestTask.java:128) ~[junit-platform-engine-1.11.4.jar:1.11.4]
	at org.junit.platform.engine.support.hierarchical.ThrowableCollector.execute(ThrowableCollector.java:73) ~[junit-platform-engine-1.11.4.jar:1.11.4]
	at org.junit.platform.engine.support.hierarchical.NodeTestTask.prepare(NodeTestTask.java:128) ~[junit-platform-engine-1.11.4.jar:1.11.4]
	at org.junit.platform.engine.support.hierarchical.NodeTestTask.execute(NodeTestTask.java:95) ~[junit-platform-engine-1.11.4.jar:1.11.4]
	at java.base/java.util.ArrayList.forEach(ArrayList.java:1596) ~[na:na]
	at org.junit.platform.engine.support.hierarchical.SameThreadHierarchicalTestExecutorService.invokeAll(SameThreadHierarchicalTestExecutorService.java:41) ~[junit-platform-engine-1.11.4.jar:1.11.4]
	at org.junit.platform.engine.support.hierarchical.NodeTestTask.lambda$executeRecursively$6(NodeTestTask.java:160) ~[junit-platform-engine-1.11.4.jar:1.11.4]
	at org.junit.platform.engine.support.hierarchical.ThrowableCollector.execute(ThrowableCollector.java:73) ~[junit-platform-engine-1.11.4.jar:1.11.4]
	at org.junit.platform.engine.support.hierarchical.NodeTestTask.lambda$executeRecursively$8(NodeTestTask.java:146) ~[junit-platform-engine-1.11.4.jar:1.11.4]
	at org.junit.platform.engine.support.hierarchical.Node.around(Node.java:137) ~[junit-platform-engine-1.11.4.jar:1.11.4]
	at org.junit.platform.engine.support.hierarchical.NodeTestTask.lambda$executeRecursively$9(NodeTestTask.java:144) ~[junit-platform-engine-1.11.4.jar:1.11.4]
	at org.junit.platform.engine.support.hierarchical.ThrowableCollector.execute(ThrowableCollector.java:73) ~[junit-platform-engine-1.11.4.jar:1.11.4]
	at org.junit.platform.engine.support.hierarchical.NodeTestTask.executeRecursively(NodeTestTask.java:143) ~[junit-platform-engine-1.11.4.jar:1.11.4]
	at org.junit.platform.engine.support.hierarchical.NodeTestTask.execute(NodeTestTask.java:100) ~[junit-platform-engine-1.11.4.jar:1.11.4]
	at java.base/java.util.ArrayList.forEach(ArrayList.java:1596) ~[na:na]
	at org.junit.platform.engine.support.hierarchical.SameThreadHierarchicalTestExecutorService.invokeAll(SameThreadHierarchicalTestExecutorService.java:41) ~[junit-platform-engine-1.11.4.jar:1.11.4]
	at org.junit.platform.engine.support.hierarchical.NodeTestTask.lambda$executeRecursively$6(NodeTestTask.java:160) ~[junit-platform-engine-1.11.4.jar:1.11.4]
	at org.junit.platform.engine.support.hierarchical.ThrowableCollector.execute(ThrowableCollector.java:73) ~[junit-platform-engine-1.11.4.jar:1.11.4]
	at org.junit.platform.engine.support.hierarchical.NodeTestTask.lambda$executeRecursively$8(NodeTestTask.java:146) ~[junit-platform-engine-1.11.4.jar:1.11.4]
	at org.junit.platform.engine.support.hierarchical.Node.around(Node.java:137) ~[junit-platform-engine-1.11.4.jar:1.11.4]
	at org.junit.platform.engine.support.hierarchical.NodeTestTask.lambda$executeRecursively$9(NodeTestTask.java:144) ~[junit-platform-engine-1.11.4.jar:1.11.4]
	at org.junit.platform.engine.support.hierarchical.ThrowableCollector.execute(ThrowableCollector.java:73) ~[junit-platform-engine-1.11.4.jar:1.11.4]
	at org.junit.platform.engine.support.hierarchical.NodeTestTask.executeRecursively(NodeTestTask.java:143) ~[junit-platform-engine-1.11.4.jar:1.11.4]
	at org.junit.platform.engine.support.hierarchical.NodeTestTask.execute(NodeTestTask.java:100) ~[junit-platform-engine-1.11.4.jar:1.11.4]
	at org.junit.platform.engine.support.hierarchical.SameThreadHierarchicalTestExecutorService.submit(SameThreadHierarchicalTestExecutorService.java:35) ~[junit-platform-engine-1.11.4.jar:1.11.4]
	at org.junit.platform.engine.support.hierarchical.HierarchicalTestExecutor.execute(HierarchicalTestExecutor.java:57) ~[junit-platform-engine-1.11.4.jar:1.11.4]
	at org.junit.platform.engine.support.hierarchical.HierarchicalTestEngine.execute(HierarchicalTestEngine.java:54) ~[junit-platform-engine-1.11.4.jar:1.11.4]
	at org.junit.platform.launcher.core.EngineExecutionOrchestrator.execute(EngineExecutionOrchestrator.java:198) ~[junit-platform-launcher-1.11.4.jar:1.11.4]
	at org.junit.platform.launcher.core.EngineExecutionOrchestrator.execute(EngineExecutionOrchestrator.java:169) ~[junit-platform-launcher-1.11.4.jar:1.11.4]
	at org.junit.platform.launcher.core.EngineExecutionOrchestrator.execute(EngineExecutionOrchestrator.java:93) ~[junit-platform-launcher-1.11.4.jar:1.11.4]
	at org.junit.platform.launcher.core.EngineExecutionOrchestrator.lambda$execute$0(EngineExecutionOrchestrator.java:58) ~[junit-platform-launcher-1.11.4.jar:1.11.4]
	at org.junit.platform.launcher.core.EngineExecutionOrchestrator.withInterceptedStreams(EngineExecutionOrchestrator.java:141) ~[junit-platform-launcher-1.11.4.jar:1.11.4]
	at org.junit.platform.launcher.core.EngineExecutionOrchestrator.execute(EngineExecutionOrchestrator.java:57) ~[junit-platform-launcher-1.11.4.jar:1.11.4]
	at org.junit.platform.launcher.core.DefaultLauncher.execute(DefaultLauncher.java:103) ~[junit-platform-launcher-1.11.4.jar:1.11.4]
	at org.junit.platform.launcher.core.DefaultLauncher.execute(DefaultLauncher.java:85) ~[junit-platform-launcher-1.11.4.jar:1.11.4]
	at org.junit.platform.launcher.core.DelegatingLauncher.execute(DelegatingLauncher.java:47) ~[junit-platform-launcher-1.11.4.jar:1.11.4]
	at org.apache.maven.surefire.junitplatform.LazyLauncher.execute(LazyLauncher.java:56) ~[surefire-junit-platform-3.5.2.jar:3.5.2]
	at org.apache.maven.surefire.junitplatform.JUnitPlatformProvider.execute(JUnitPlatformProvider.java:184) ~[surefire-junit-platform-3.5.2.jar:3.5.2]
	at org.apache.maven.surefire.junitplatform.JUnitPlatformProvider.invokeAllTests(JUnitPlatformProvider.java:148) ~[surefire-junit-platform-3.5.2.jar:3.5.2]
	at org.apache.maven.surefire.junitplatform.JUnitPlatformProvider.invoke(JUnitPlatformProvider.java:122) ~[surefire-junit-platform-3.5.2.jar:3.5.2]
	at org.apache.maven.surefire.booter.ForkedBooter.runSuitesInProcess(ForkedBooter.java:385) ~[surefire-booter-3.5.2.jar:3.5.2]
	at org.apache.maven.surefire.booter.ForkedBooter.execute(ForkedBooter.java:162) ~[surefire-booter-3.5.2.jar:3.5.2]
	at org.apache.maven.surefire.booter.ForkedBooter.run(ForkedBooter.java:507) ~[surefire-booter-3.5.2.jar:3.5.2]
	at org.apache.maven.surefire.booter.ForkedBooter.main(ForkedBooter.java:495) ~[surefire-booter-3.5.2.jar:3.5.2]
Caused by: org.postgresql.util.PSQLException: ERROR: insert or update on table "cart" violates foreign key constraint "fkg5uhi8vpsuy0lgloxk2h4w5o6"
  Detail: Key (user_id)=(1) is not present in table "users".
	at org.postgresql.core.v3.QueryExecutorImpl.receiveErrorResponse(QueryExecutorImpl.java:2733) ~[postgresql-42.7.5.jar:42.7.5]
	at org.postgresql.core.v3.QueryExecutorImpl.processResults(QueryExecutorImpl.java:2420) ~[postgresql-42.7.5.jar:42.7.5]
	at org.postgresql.core.v3.QueryExecutorImpl.execute(QueryExecutorImpl.java:372) ~[postgresql-42.7.5.jar:42.7.5]
	at org.postgresql.jdbc.PgStatement.executeInternal(PgStatement.java:517) ~[postgresql-42.7.5.jar:42.7.5]
	at org.postgresql.jdbc.PgStatement.execute(PgStatement.java:434) ~[postgresql-42.7.5.jar:42.7.5]
	at org.postgresql.jdbc.PgStatement.executeWithFlags(PgStatement.java:356) ~[postgresql-42.7.5.jar:42.7.5]
	at org.postgresql.jdbc.PgStatement.executeCachedSql(PgStatement.java:341) ~[postgresql-42.7.5.jar:42.7.5]
	at org.postgresql.jdbc.PgStatement.executeWithFlags(PgStatement.java:317) ~[postgresql-42.7.5.jar:42.7.5]
	at org.postgresql.jdbc.PgStatement.execute(PgStatement.java:312) ~[postgresql-42.7.5.jar:42.7.5]
	at com.zaxxer.hikari.pool.ProxyStatement.execute(ProxyStatement.java:94) ~[HikariCP-5.1.0.jar:na]
	at com.zaxxer.hikari.pool.HikariProxyStatement.execute(HikariProxyStatement.java) ~[HikariCP-5.1.0.jar:na]
	at org.hibernate.tool.schema.internal.exec.GenerationTargetToDatabase.accept(GenerationTargetToDatabase.java:80) ~[hibernate-core-6.6.8.Final.jar:6.6.8.Final]
	... 116 common frames omitted

2026-03-22T11:31:34.385+03:00  INFO 24320 --- [api] [main] j.LocalContainerEntityManagerFactoryBean : Initialized JPA EntityManagerFactory for persistence unit 'default'
2026-03-22T11:31:40.420+03:00  INFO 24320 --- [api] [main] eAuthenticationProviderManagerConfigurer : Global AuthenticationManager configured with AuthenticationProvider bean with name authenticationProvider
2026-03-22T11:31:40.421+03:00  WARN 24320 --- [api] [main] r$InitializeUserDetailsManagerConfigurer : Global AuthenticationManager configured with an AuthenticationProvider bean. UserDetailsService beans will not be used by Spring Security for automatically configuring username/password login. Consider removing the AuthenticationProvider bean. Alternatively, consider using the UserDetailsService in a manually instantiated DaoAuthenticationProvider. If the current configuration is intentional, to turn off this warning, increase the logging level of 'org.springframework.security.config.annotation.authentication.configuration.InitializeUserDetailsBeanManagerConfigurer' to ERROR
2026-03-22T11:31:40.722+03:00  INFO 24320 --- [api] [main] o.s.d.j.r.query.QueryEnhancerFactory     : Hibernate is in classpath; If applicable, HQL parser will be used.
2026-03-22T11:31:42.458+03:00  WARN 24320 --- [api] [main] JpaBaseConfiguration$JpaWebConfiguration : spring.jpa.open-in-view is enabled by default. Therefore, database queries may be performed during view rendering. Explicitly configure spring.jpa.open-in-view to disable this warning
2026-03-22T11:31:46.068+03:00  INFO 24320 --- [api] [main] o.s.b.a.e.web.EndpointLinksResolver      : Exposing 1 endpoint beneath base path '/actuator'
2026-03-22T11:31:46.108+03:00  WARN 24320 --- [api] [main] thorizationManagerRequestMatcherRegistry : One of the patterns in [/auth/**, /api/products, /v2/api-docs, /v3/api-docs, /v3/api-docs/**, /swagger-resources, /swagger-resources/**, /configuration/ui, /configuration/security, swagger-ui/**, /swagger-ui.html] is missing a leading slash. This is discouraged; please include the leading slash in all your request matcher patterns. In future versions of Spring Security, leaving out the leading slash will result in an exception.
2026-03-22T11:31:48.614+03:00  INFO 24320 --- [api] [main] com.kipcollo.ApiApplicationTests         : Started ApiApplicationTests in 63.952 seconds (process running for 73.498)
2026-03-22T11:31:52.334+03:00  INFO 24320 --- [api] [SpringApplicationShutdownHook] j.LocalContainerEntityManagerFactoryBean : Closing JPA EntityManagerFactory for persistence unit 'default'
2026-03-22T11:31:52.335+03:00  INFO 24320 --- [api] [SpringApplicationShutdownHook] com.zaxxer.hikari.HikariDataSource       : HikariPool-1 - Shutdown initiated...
2026-03-22T11:31:52.351+03:00  INFO 24320 --- [api] [SpringApplicationShutdownHook] com.zaxxer.hikari.HikariDataSource       : HikariPool-1 - Shutdown completed.
2026-03-22T12:23:27.262+03:00  INFO 50697 --- [api] [main] com.kipcollo.ApiApplicationTests         : Starting ApiApplicationTests using Java 21.0.10-ea with PID 50697 (started by collins in /home/collins/Documents/03_Projects/Academic/Pharmacy/api)
2026-03-22T12:23:27.308+03:00  INFO 50697 --- [api] [main] com.kipcollo.ApiApplicationTests         : The following 1 profile is active: "dev"
2026-03-22T12:23:31.773+03:00  INFO 50697 --- [api] [main] .s.d.r.c.RepositoryConfigurationDelegate : Bootstrapping Spring Data JPA repositories in DEFAULT mode.
2026-03-22T12:23:31.961+03:00  INFO 50697 --- [api] [main] .s.d.r.c.RepositoryConfigurationDelegate : Finished Spring Data repository scanning in 135 ms. Found 13 JPA repository interfaces.
2026-03-22T12:23:34.231+03:00  INFO 50697 --- [api] [main] o.hibernate.jpa.internal.util.LogHelper  : HHH000204: Processing PersistenceUnitInfo [name: default]
2026-03-22T12:23:34.628+03:00  INFO 50697 --- [api] [main] org.hibernate.Version                    : HHH000412: Hibernate ORM core version 6.6.8.Final
2026-03-22T12:23:34.814+03:00  INFO 50697 --- [api] [main] o.h.c.internal.RegionFactoryInitiator    : HHH000026: Second-level cache disabled
2026-03-22T12:23:35.817+03:00  INFO 50697 --- [api] [main] o.s.o.j.p.SpringPersistenceUnitInfo      : No LoadTimeWeaver setup: ignoring JPA class transformer
2026-03-22T12:23:35.886+03:00  INFO 50697 --- [api] [main] com.zaxxer.hikari.HikariDataSource       : HikariPool-1 - Starting...
2026-03-22T12:23:36.851+03:00  INFO 50697 --- [api] [main] com.zaxxer.hikari.pool.HikariPool        : HikariPool-1 - Added connection org.postgresql.jdbc.PgConnection@52b891de
2026-03-22T12:23:36.853+03:00  INFO 50697 --- [api] [main] com.zaxxer.hikari.HikariDataSource       : HikariPool-1 - Start completed.
2026-03-22T12:23:36.920+03:00  WARN 50697 --- [api] [main] org.hibernate.orm.deprecation            : HHH90000025: PostgreSQLDialect does not need to be specified explicitly using 'hibernate.dialect' (remove the property setting and it will be selected by default)
2026-03-22T12:23:36.945+03:00  INFO 50697 --- [api] [main] org.hibernate.orm.connections.pooling    : HHH10001005: Database info:
	Database JDBC URL [Connecting through datasource 'HikariDataSource (HikariPool-1)']
	Database driver: undefined/unknown
	Database version: 16.4
	Autocommit mode: undefined/unknown
	Isolation level: undefined/unknown
	Minimum pool size: undefined/unknown
	Maximum pool size: undefined/unknown
2026-03-22T12:23:39.051+03:00  INFO 50697 --- [api] [main] o.h.e.t.j.p.i.JtaPlatformInitiator       : HHH000489: No JTA platform available (set 'hibernate.transaction.jta.platform' to enable JTA platform integration)
2026-03-22T12:23:39.073+03:00  INFO 50697 --- [api] [main] org.hibernate.orm.connections.access     : HHH10001501: Connection obtained from JdbcConnectionAccess [org.hibernate.engine.jdbc.env.internal.JdbcEnvironmentInitiator$ConnectionProviderJdbcConnectionAccess@148c571c] for (non-JTA) DDL execution was not in auto-commit mode; the Connection 'local transaction' will be committed and the Connection will be set into auto-commit mode.
2026-03-22T12:23:39.686+03:00  WARN 50697 --- [api] [main] o.h.t.s.i.ExceptionHandlerLoggedImpl     : GenerationTarget encountered exception accepting command : Error executing DDL "
    alter table if exists cart 
       add constraint FKg5uhi8vpsuy0lgloxk2h4w5o6 
       foreign key (user_id) 
       references public.users" via JDBC [ERROR: insert or update on table "cart" violates foreign key constraint "fkg5uhi8vpsuy0lgloxk2h4w5o6"
  Detail: Key (user_id)=(1) is not present in table "users".]

org.hibernate.tool.schema.spi.CommandAcceptanceException: Error executing DDL "
    alter table if exists cart 
       add constraint FKg5uhi8vpsuy0lgloxk2h4w5o6 
       foreign key (user_id) 
       references public.users" via JDBC [ERROR: insert or update on table "cart" violates foreign key constraint "fkg5uhi8vpsuy0lgloxk2h4w5o6"
  Detail: Key (user_id)=(1) is not present in table "users".]
	at org.hibernate.tool.schema.internal.exec.GenerationTargetToDatabase.accept(GenerationTargetToDatabase.java:94) ~[hibernate-core-6.6.8.Final.jar:6.6.8.Final]
	at org.hibernate.tool.schema.internal.AbstractSchemaMigrator.applySqlString(AbstractSchemaMigrator.java:576) ~[hibernate-core-6.6.8.Final.jar:6.6.8.Final]
	at org.hibernate.tool.schema.internal.AbstractSchemaMigrator.applySqlStrings(AbstractSchemaMigrator.java:516) ~[hibernate-core-6.6.8.Final.jar:6.6.8.Final]
	at org.hibernate.tool.schema.internal.AbstractSchemaMigrator.applyForeignKeys(AbstractSchemaMigrator.java:448) ~[hibernate-core-6.6.8.Final.jar:6.6.8.Final]
	at org.hibernate.tool.schema.internal.AbstractSchemaMigrator.performMigration(AbstractSchemaMigrator.java:269) ~[hibernate-core-6.6.8.Final.jar:6.6.8.Final]
	at org.hibernate.tool.schema.internal.AbstractSchemaMigrator.doMigration(AbstractSchemaMigrator.java:112) ~[hibernate-core-6.6.8.Final.jar:6.6.8.Final]
	at org.hibernate.tool.schema.spi.SchemaManagementToolCoordinator.performDatabaseAction(SchemaManagementToolCoordinator.java:280) ~[hibernate-core-6.6.8.Final.jar:6.6.8.Final]
	at org.hibernate.tool.schema.spi.SchemaManagementToolCoordinator.lambda$process$5(SchemaManagementToolCoordinator.java:144) ~[hibernate-core-6.6.8.Final.jar:6.6.8.Final]
	at java.base/java.util.HashMap.forEach(HashMap.java:1429) ~[na:na]
	at org.hibernate.tool.schema.spi.SchemaManagementToolCoordinator.process(SchemaManagementToolCoordinator.java:141) ~[hibernate-core-6.6.8.Final.jar:6.6.8.Final]
	at org.hibernate.boot.internal.SessionFactoryObserverForSchemaExport.sessionFactoryCreated(SessionFactoryObserverForSchemaExport.java:37) ~[hibernate-core-6.6.8.Final.jar:6.6.8.Final]
	at org.hibernate.internal.SessionFactoryObserverChain.sessionFactoryCreated(SessionFactoryObserverChain.java:35) ~[hibernate-core-6.6.8.Final.jar:6.6.8.Final]
	at org.hibernate.internal.SessionFactoryImpl.<init>(SessionFactoryImpl.java:324) ~[hibernate-core-6.6.8.Final.jar:6.6.8.Final]
	at org.hibernate.boot.internal.SessionFactoryBuilderImpl.build(SessionFactoryBuilderImpl.java:463) ~[hibernate-core-6.6.8.Final.jar:6.6.8.Final]
	at org.hibernate.jpa.boot.internal.EntityManagerFactoryBuilderImpl.build(EntityManagerFactoryBuilderImpl.java:1517) ~[hibernate-core-6.6.8.Final.jar:6.6.8.Final]
	at org.springframework.orm.jpa.vendor.SpringHibernateJpaPersistenceProvider.createContainerEntityManagerFactory(SpringHibernateJpaPersistenceProvider.java:66) ~[spring-orm-6.2.3.jar:6.2.3]
	at org.springframework.orm.jpa.LocalContainerEntityManagerFactoryBean.createNativeEntityManagerFactory(LocalContainerEntityManagerFactoryBean.java:390) ~[spring-orm-6.2.3.jar:6.2.3]
	at org.springframework.orm.jpa.AbstractEntityManagerFactoryBean.buildNativeEntityManagerFactory(AbstractEntityManagerFactoryBean.java:419) ~[spring-orm-6.2.3.jar:6.2.3]
	at org.springframework.orm.jpa.AbstractEntityManagerFactoryBean.afterPropertiesSet(AbstractEntityManagerFactoryBean.java:400) ~[spring-orm-6.2.3.jar:6.2.3]
	at org.springframework.orm.jpa.LocalContainerEntityManagerFactoryBean.afterPropertiesSet(LocalContainerEntityManagerFactoryBean.java:366) ~[spring-orm-6.2.3.jar:6.2.3]
	at org.springframework.beans.factory.support.AbstractAutowireCapableBeanFactory.invokeInitMethods(AbstractAutowireCapableBeanFactory.java:1859) ~[spring-beans-6.2.3.jar:6.2.3]
	at org.springframework.beans.factory.support.AbstractAutowireCapableBeanFactory.initializeBean(AbstractAutowireCapableBeanFactory.java:1808) ~[spring-beans-6.2.3.jar:6.2.3]
	at org.springframework.beans.factory.support.AbstractAutowireCapableBeanFactory.doCreateBean(AbstractAutowireCapableBeanFactory.java:601) ~[spring-beans-6.2.3.jar:6.2.3]
	at org.springframework.beans.factory.support.AbstractAutowireCapableBeanFactory.createBean(AbstractAutowireCapableBeanFactory.java:523) ~[spring-beans-6.2.3.jar:6.2.3]
	at org.springframework.beans.factory.support.AbstractBeanFactory.lambda$doGetBean$0(AbstractBeanFactory.java:339) ~[spring-beans-6.2.3.jar:6.2.3]
	at org.springframework.beans.factory.support.DefaultSingletonBeanRegistry.getSingleton(DefaultSingletonBeanRegistry.java:346) ~[spring-beans-6.2.3.jar:6.2.3]
	at org.springframework.beans.factory.support.AbstractBeanFactory.doGetBean(AbstractBeanFactory.java:337) ~[spring-beans-6.2.3.jar:6.2.3]
	at org.springframework.beans.factory.support.AbstractBeanFactory.getBean(AbstractBeanFactory.java:207) ~[spring-beans-6.2.3.jar:6.2.3]
	at org.springframework.context.support.AbstractApplicationContext.finishBeanFactoryInitialization(AbstractApplicationContext.java:970) ~[spring-context-6.2.3.jar:6.2.3]
	at org.springframework.context.support.AbstractApplicationContext.refresh(AbstractApplicationContext.java:627) ~[spring-context-6.2.3.jar:6.2.3]
	at org.springframework.boot.SpringApplication.refresh(SpringApplication.java:752) ~[spring-boot-3.4.3.jar:3.4.3]
	at org.springframework.boot.SpringApplication.refreshContext(SpringApplication.java:439) ~[spring-boot-3.4.3.jar:3.4.3]
	at org.springframework.boot.SpringApplication.run(SpringApplication.java:318) ~[spring-boot-3.4.3.jar:3.4.3]
	at org.springframework.boot.test.context.SpringBootContextLoader.lambda$loadContext$3(SpringBootContextLoader.java:137) ~[spring-boot-test-3.4.3.jar:3.4.3]
	at org.springframework.util.function.ThrowingSupplier.get(ThrowingSupplier.java:58) ~[spring-core-6.2.3.jar:6.2.3]
	at org.springframework.util.function.ThrowingSupplier.get(ThrowingSupplier.java:46) ~[spring-core-6.2.3.jar:6.2.3]
	at org.springframework.boot.SpringApplication.withHook(SpringApplication.java:1461) ~[spring-boot-3.4.3.jar:3.4.3]
	at org.springframework.boot.test.context.SpringBootContextLoader$ContextLoaderHook.run(SpringBootContextLoader.java:553) ~[spring-boot-test-3.4.3.jar:3.4.3]
	at org.springframework.boot.test.context.SpringBootContextLoader.loadContext(SpringBootContextLoader.java:137) ~[spring-boot-test-3.4.3.jar:3.4.3]
	at org.springframework.boot.test.context.SpringBootContextLoader.loadContext(SpringBootContextLoader.java:108) ~[spring-boot-test-3.4.3.jar:3.4.3]
	at org.springframework.test.context.cache.DefaultCacheAwareContextLoaderDelegate.loadContextInternal(DefaultCacheAwareContextLoaderDelegate.java:225) ~[spring-test-6.2.3.jar:6.2.3]
	at org.springframework.test.context.cache.DefaultCacheAwareContextLoaderDelegate.loadContext(DefaultCacheAwareContextLoaderDelegate.java:152) ~[spring-test-6.2.3.jar:6.2.3]
	at org.springframework.test.context.support.DefaultTestContext.getApplicationContext(DefaultTestContext.java:130) ~[spring-test-6.2.3.jar:6.2.3]
	at org.springframework.test.context.web.ServletTestExecutionListener.setUpRequestContextIfNecessary(ServletTestExecutionListener.java:200) ~[spring-test-6.2.3.jar:6.2.3]
	at org.springframework.test.context.web.ServletTestExecutionListener.prepareTestInstance(ServletTestExecutionListener.java:139) ~[spring-test-6.2.3.jar:6.2.3]
	at org.springframework.test.context.TestContextManager.prepareTestInstance(TestContextManager.java:260) ~[spring-test-6.2.3.jar:6.2.3]
	at org.springframework.test.context.junit.jupiter.SpringExtension.postProcessTestInstance(SpringExtension.java:160) ~[spring-test-6.2.3.jar:6.2.3]
	at org.junit.jupiter.engine.descriptor.ClassBasedTestDescriptor.lambda$invokeTestInstancePostProcessors$11(ClassBasedTestDescriptor.java:378) ~[junit-jupiter-engine-5.11.4.jar:5.11.4]
	at org.junit.jupiter.engine.descriptor.ClassBasedTestDescriptor.executeAndMaskThrowable(ClassBasedTestDescriptor.java:383) ~[junit-jupiter-engine-5.11.4.jar:5.11.4]
	at org.junit.jupiter.engine.descriptor.ClassBasedTestDescriptor.lambda$invokeTestInstancePostProcessors$12(ClassBasedTestDescriptor.java:378) ~[junit-jupiter-engine-5.11.4.jar:5.11.4]
	at java.base/java.util.stream.ForEachOps$ForEachOp$OfRef.accept(ForEachOps.java:184) ~[na:na]
	at java.base/java.util.stream.ReferencePipeline$3$1.accept(ReferencePipeline.java:197) ~[na:na]
	at java.base/java.util.stream.ReferencePipeline$2$1.accept(ReferencePipeline.java:179) ~[na:na]
	at java.base/java.util.stream.ReferencePipeline$3$1.accept(ReferencePipeline.java:197) ~[na:na]
	at java.base/java.util.ArrayList$ArrayListSpliterator.forEachRemaining(ArrayList.java:1708) ~[na:na]
	at java.base/java.util.stream.AbstractPipeline.copyInto(AbstractPipeline.java:509) ~[na:na]
	at java.base/java.util.stream.AbstractPipeline.wrapAndCopyInto(AbstractPipeline.java:499) ~[na:na]
	at java.base/java.util.stream.ForEachOps$ForEachOp.evaluateSequential(ForEachOps.java:151) ~[na:na]
	at java.base/java.util.stream.ForEachOps$ForEachOp$OfRef.evaluateSequential(ForEachOps.java:174) ~[na:na]
	at java.base/java.util.stream.AbstractPipeline.evaluate(AbstractPipeline.java:234) ~[na:na]
	at java.base/java.util.stream.ReferencePipeline.forEach(ReferencePipeline.java:596) ~[na:na]
	at org.junit.jupiter.engine.descriptor.ClassBasedTestDescriptor.invokeTestInstancePostProcessors(ClassBasedTestDescriptor.java:377) ~[junit-jupiter-engine-5.11.4.jar:5.11.4]
	at org.junit.jupiter.engine.descriptor.ClassBasedTestDescriptor.lambda$instantiateAndPostProcessTestInstance$7(ClassBasedTestDescriptor.java:290) ~[junit-jupiter-engine-5.11.4.jar:5.11.4]
	at org.junit.platform.engine.support.hierarchical.ThrowableCollector.execute(ThrowableCollector.java:73) ~[junit-platform-engine-1.11.4.jar:1.11.4]
	at org.junit.jupiter.engine.descriptor.ClassBasedTestDescriptor.instantiateAndPostProcessTestInstance(ClassBasedTestDescriptor.java:289) ~[junit-jupiter-engine-5.11.4.jar:5.11.4]
	at org.junit.jupiter.engine.descriptor.ClassBasedTestDescriptor.lambda$testInstancesProvider$5(ClassBasedTestDescriptor.java:279) ~[junit-jupiter-engine-5.11.4.jar:5.11.4]
	at java.base/java.util.Optional.orElseGet(Optional.java:364) ~[na:na]
	at org.junit.jupiter.engine.descriptor.ClassBasedTestDescriptor.lambda$testInstancesProvider$6(ClassBasedTestDescriptor.java:278) ~[junit-jupiter-engine-5.11.4.jar:5.11.4]
	at org.junit.jupiter.engine.execution.TestInstancesProvider.getTestInstances(TestInstancesProvider.java:31) ~[junit-jupiter-engine-5.11.4.jar:5.11.4]
	at org.junit.jupiter.engine.descriptor.TestMethodTestDescriptor.lambda$prepare$1(TestMethodTestDescriptor.java:105) ~[junit-jupiter-engine-5.11.4.jar:5.11.4]
	at org.junit.platform.engine.support.hierarchical.ThrowableCollector.execute(ThrowableCollector.java:73) ~[junit-platform-engine-1.11.4.jar:1.11.4]
	at org.junit.jupiter.engine.descriptor.TestMethodTestDescriptor.prepare(TestMethodTestDescriptor.java:104) ~[junit-jupiter-engine-5.11.4.jar:5.11.4]
	at org.junit.jupiter.engine.descriptor.TestMethodTestDescriptor.prepare(TestMethodTestDescriptor.java:68) ~[junit-jupiter-engine-5.11.4.jar:5.11.4]
	at org.junit.platform.engine.support.hierarchical.NodeTestTask.lambda$prepare$2(NodeTestTask.java:128) ~[junit-platform-engine-1.11.4.jar:1.11.4]
	at org.junit.platform.engine.support.hierarchical.ThrowableCollector.execute(ThrowableCollector.java:73) ~[junit-platform-engine-1.11.4.jar:1.11.4]
	at org.junit.platform.engine.support.hierarchical.NodeTestTask.prepare(NodeTestTask.java:128) ~[junit-platform-engine-1.11.4.jar:1.11.4]
	at org.junit.platform.engine.support.hierarchical.NodeTestTask.execute(NodeTestTask.java:95) ~[junit-platform-engine-1.11.4.jar:1.11.4]
	at java.base/java.util.ArrayList.forEach(ArrayList.java:1596) ~[na:na]
	at org.junit.platform.engine.support.hierarchical.SameThreadHierarchicalTestExecutorService.invokeAll(SameThreadHierarchicalTestExecutorService.java:41) ~[junit-platform-engine-1.11.4.jar:1.11.4]
	at org.junit.platform.engine.support.hierarchical.NodeTestTask.lambda$executeRecursively$6(NodeTestTask.java:160) ~[junit-platform-engine-1.11.4.jar:1.11.4]
	at org.junit.platform.engine.support.hierarchical.ThrowableCollector.execute(ThrowableCollector.java:73) ~[junit-platform-engine-1.11.4.jar:1.11.4]
	at org.junit.platform.engine.support.hierarchical.NodeTestTask.lambda$executeRecursively$8(NodeTestTask.java:146) ~[junit-platform-engine-1.11.4.jar:1.11.4]
	at org.junit.platform.engine.support.hierarchical.Node.around(Node.java:137) ~[junit-platform-engine-1.11.4.jar:1.11.4]
	at org.junit.platform.engine.support.hierarchical.NodeTestTask.lambda$executeRecursively$9(NodeTestTask.java:144) ~[junit-platform-engine-1.11.4.jar:1.11.4]
	at org.junit.platform.engine.support.hierarchical.ThrowableCollector.execute(ThrowableCollector.java:73) ~[junit-platform-engine-1.11.4.jar:1.11.4]
	at org.junit.platform.engine.support.hierarchical.NodeTestTask.executeRecursively(NodeTestTask.java:143) ~[junit-platform-engine-1.11.4.jar:1.11.4]
	at org.junit.platform.engine.support.hierarchical.NodeTestTask.execute(NodeTestTask.java:100) ~[junit-platform-engine-1.11.4.jar:1.11.4]
	at java.base/java.util.ArrayList.forEach(ArrayList.java:1596) ~[na:na]
	at org.junit.platform.engine.support.hierarchical.SameThreadHierarchicalTestExecutorService.invokeAll(SameThreadHierarchicalTestExecutorService.java:41) ~[junit-platform-engine-1.11.4.jar:1.11.4]
	at org.junit.platform.engine.support.hierarchical.NodeTestTask.lambda$executeRecursively$6(NodeTestTask.java:160) ~[junit-platform-engine-1.11.4.jar:1.11.4]
	at org.junit.platform.engine.support.hierarchical.ThrowableCollector.execute(ThrowableCollector.java:73) ~[junit-platform-engine-1.11.4.jar:1.11.4]
	at org.junit.platform.engine.support.hierarchical.NodeTestTask.lambda$executeRecursively$8(NodeTestTask.java:146) ~[junit-platform-engine-1.11.4.jar:1.11.4]
	at org.junit.platform.engine.support.hierarchical.Node.around(Node.java:137) ~[junit-platform-engine-1.11.4.jar:1.11.4]
	at org.junit.platform.engine.support.hierarchical.NodeTestTask.lambda$executeRecursively$9(NodeTestTask.java:144) ~[junit-platform-engine-1.11.4.jar:1.11.4]
	at org.junit.platform.engine.support.hierarchical.ThrowableCollector.execute(ThrowableCollector.java:73) ~[junit-platform-engine-1.11.4.jar:1.11.4]
	at org.junit.platform.engine.support.hierarchical.NodeTestTask.executeRecursively(NodeTestTask.java:143) ~[junit-platform-engine-1.11.4.jar:1.11.4]
	at org.junit.platform.engine.support.hierarchical.NodeTestTask.execute(NodeTestTask.java:100) ~[junit-platform-engine-1.11.4.jar:1.11.4]
	at org.junit.platform.engine.support.hierarchical.SameThreadHierarchicalTestExecutorService.submit(SameThreadHierarchicalTestExecutorService.java:35) ~[junit-platform-engine-1.11.4.jar:1.11.4]
	at org.junit.platform.engine.support.hierarchical.HierarchicalTestExecutor.execute(HierarchicalTestExecutor.java:57) ~[junit-platform-engine-1.11.4.jar:1.11.4]
	at org.junit.platform.engine.support.hierarchical.HierarchicalTestEngine.execute(HierarchicalTestEngine.java:54) ~[junit-platform-engine-1.11.4.jar:1.11.4]
	at org.junit.platform.launcher.core.EngineExecutionOrchestrator.execute(EngineExecutionOrchestrator.java:198) ~[junit-platform-launcher-1.11.4.jar:1.11.4]
	at org.junit.platform.launcher.core.EngineExecutionOrchestrator.execute(EngineExecutionOrchestrator.java:169) ~[junit-platform-launcher-1.11.4.jar:1.11.4]
	at org.junit.platform.launcher.core.EngineExecutionOrchestrator.execute(EngineExecutionOrchestrator.java:93) ~[junit-platform-launcher-1.11.4.jar:1.11.4]
	at org.junit.platform.launcher.core.EngineExecutionOrchestrator.lambda$execute$0(EngineExecutionOrchestrator.java:58) ~[junit-platform-launcher-1.11.4.jar:1.11.4]
	at org.junit.platform.launcher.core.EngineExecutionOrchestrator.withInterceptedStreams(EngineExecutionOrchestrator.java:141) ~[junit-platform-launcher-1.11.4.jar:1.11.4]
	at org.junit.platform.launcher.core.EngineExecutionOrchestrator.execute(EngineExecutionOrchestrator.java:57) ~[junit-platform-launcher-1.11.4.jar:1.11.4]
	at org.junit.platform.launcher.core.DefaultLauncher.execute(DefaultLauncher.java:103) ~[junit-platform-launcher-1.11.4.jar:1.11.4]
	at org.junit.platform.launcher.core.DefaultLauncher.execute(DefaultLauncher.java:85) ~[junit-platform-launcher-1.11.4.jar:1.11.4]
	at org.junit.platform.launcher.core.DelegatingLauncher.execute(DelegatingLauncher.java:47) ~[junit-platform-launcher-1.11.4.jar:1.11.4]
	at org.apache.maven.surefire.junitplatform.LazyLauncher.execute(LazyLauncher.java:56) ~[surefire-junit-platform-3.5.2.jar:3.5.2]
	at org.apache.maven.surefire.junitplatform.JUnitPlatformProvider.execute(JUnitPlatformProvider.java:184) ~[surefire-junit-platform-3.5.2.jar:3.5.2]
	at org.apache.maven.surefire.junitplatform.JUnitPlatformProvider.invokeAllTests(JUnitPlatformProvider.java:148) ~[surefire-junit-platform-3.5.2.jar:3.5.2]
	at org.apache.maven.surefire.junitplatform.JUnitPlatformProvider.invoke(JUnitPlatformProvider.java:122) ~[surefire-junit-platform-3.5.2.jar:3.5.2]
	at org.apache.maven.surefire.booter.ForkedBooter.runSuitesInProcess(ForkedBooter.java:385) ~[surefire-booter-3.5.2.jar:3.5.2]
	at org.apache.maven.surefire.booter.ForkedBooter.execute(ForkedBooter.java:162) ~[surefire-booter-3.5.2.jar:3.5.2]
	at org.apache.maven.surefire.booter.ForkedBooter.run(ForkedBooter.java:507) ~[surefire-booter-3.5.2.jar:3.5.2]
	at org.apache.maven.surefire.booter.ForkedBooter.main(ForkedBooter.java:495) ~[surefire-booter-3.5.2.jar:3.5.2]
Caused by: org.postgresql.util.PSQLException: ERROR: insert or update on table "cart" violates foreign key constraint "fkg5uhi8vpsuy0lgloxk2h4w5o6"
  Detail: Key (user_id)=(1) is not present in table "users".
	at org.postgresql.core.v3.QueryExecutorImpl.receiveErrorResponse(QueryExecutorImpl.java:2733) ~[postgresql-42.7.5.jar:42.7.5]
	at org.postgresql.core.v3.QueryExecutorImpl.processResults(QueryExecutorImpl.java:2420) ~[postgresql-42.7.5.jar:42.7.5]
	at org.postgresql.core.v3.QueryExecutorImpl.execute(QueryExecutorImpl.java:372) ~[postgresql-42.7.5.jar:42.7.5]
	at org.postgresql.jdbc.PgStatement.executeInternal(PgStatement.java:517) ~[postgresql-42.7.5.jar:42.7.5]
	at org.postgresql.jdbc.PgStatement.execute(PgStatement.java:434) ~[postgresql-42.7.5.jar:42.7.5]
	at org.postgresql.jdbc.PgStatement.executeWithFlags(PgStatement.java:356) ~[postgresql-42.7.5.jar:42.7.5]
	at org.postgresql.jdbc.PgStatement.executeCachedSql(PgStatement.java:341) ~[postgresql-42.7.5.jar:42.7.5]
	at org.postgresql.jdbc.PgStatement.executeWithFlags(PgStatement.java:317) ~[postgresql-42.7.5.jar:42.7.5]
	at org.postgresql.jdbc.PgStatement.execute(PgStatement.java:312) ~[postgresql-42.7.5.jar:42.7.5]
	at com.zaxxer.hikari.pool.ProxyStatement.execute(ProxyStatement.java:94) ~[HikariCP-5.1.0.jar:na]
	at com.zaxxer.hikari.pool.HikariProxyStatement.execute(HikariProxyStatement.java) ~[HikariCP-5.1.0.jar:na]
	at org.hibernate.tool.schema.internal.exec.GenerationTargetToDatabase.accept(GenerationTargetToDatabase.java:80) ~[hibernate-core-6.6.8.Final.jar:6.6.8.Final]
	... 116 common frames omitted

2026-03-22T12:23:41.280+03:00  INFO 50697 --- [api] [main] j.LocalContainerEntityManagerFactoryBean : Initialized JPA EntityManagerFactory for persistence unit 'default'
2026-03-22T12:23:45.805+03:00  INFO 50697 --- [api] [main] eAuthenticationProviderManagerConfigurer : Global AuthenticationManager configured with AuthenticationProvider bean with name authenticationProvider
2026-03-22T12:23:45.805+03:00  WARN 50697 --- [api] [main] r$InitializeUserDetailsManagerConfigurer : Global AuthenticationManager configured with an AuthenticationProvider bean. UserDetailsService beans will not be used by Spring Security for automatically configuring username/password login. Consider removing the AuthenticationProvider bean. Alternatively, consider using the UserDetailsService in a manually instantiated DaoAuthenticationProvider. If the current configuration is intentional, to turn off this warning, increase the logging level of 'org.springframework.security.config.annotation.authentication.configuration.InitializeUserDetailsBeanManagerConfigurer' to ERROR
2026-03-22T12:23:45.975+03:00  INFO 50697 --- [api] [main] o.s.d.j.r.query.QueryEnhancerFactory     : Hibernate is in classpath; If applicable, HQL parser will be used.
2026-03-22T12:23:48.388+03:00  WARN 50697 --- [api] [main] JpaBaseConfiguration$JpaWebConfiguration : spring.jpa.open-in-view is enabled by default. Therefore, database queries may be performed during view rendering. Explicitly configure spring.jpa.open-in-view to disable this warning
2026-03-22T12:23:51.881+03:00  INFO 50697 --- [api] [main] o.s.b.a.e.web.EndpointLinksResolver      : Exposing 1 endpoint beneath base path '/actuator'
2026-03-22T12:23:51.952+03:00  WARN 50697 --- [api] [main] thorizationManagerRequestMatcherRegistry : One of the patterns in [/auth/**, /api/products, /v2/api-docs, /v3/api-docs, /v3/api-docs/**, /swagger-resources, /swagger-resources/**, /configuration/ui, /configuration/security, swagger-ui/**, /swagger-ui.html] is missing a leading slash. This is discouraged; please include the leading slash in all your request matcher patterns. In future versions of Spring Security, leaving out the leading slash will result in an exception.
2026-03-22T12:23:56.328+03:00  INFO 50697 --- [api] [main] com.kipcollo.ApiApplicationTests         : Started ApiApplicationTests in 31.23 seconds (process running for 34.735)
2026-03-22T12:24:01.930+03:00  INFO 50697 --- [api] [SpringApplicationShutdownHook] j.LocalContainerEntityManagerFactoryBean : Closing JPA EntityManagerFactory for persistence unit 'default'
2026-03-22T12:24:01.957+03:00  INFO 50697 --- [api] [SpringApplicationShutdownHook] com.zaxxer.hikari.HikariDataSource       : HikariPool-1 - Shutdown initiated...
2026-03-22T12:24:01.971+03:00  INFO 50697 --- [api] [SpringApplicationShutdownHook] com.zaxxer.hikari.HikariDataSource       : HikariPool-1 - Shutdown completed.
2026-03-22T13:11:31.726+03:00  INFO 75318 --- [api] [main] com.kipcollo.ApiApplicationTests         : Starting ApiApplicationTests using Java 21.0.10-ea with PID 75318 (started by collins in /home/collins/Documents/03_Projects/Academic/Pharmacy/api)
2026-03-22T13:11:31.763+03:00  INFO 75318 --- [api] [main] com.kipcollo.ApiApplicationTests         : The following 1 profile is active: "dev"
2026-03-22T13:11:36.466+03:00  INFO 75318 --- [api] [main] .s.d.r.c.RepositoryConfigurationDelegate : Bootstrapping Spring Data JPA repositories in DEFAULT mode.
2026-03-22T13:11:36.638+03:00  INFO 75318 --- [api] [main] .s.d.r.c.RepositoryConfigurationDelegate : Finished Spring Data repository scanning in 108 ms. Found 13 JPA repository interfaces.
2026-03-22T13:11:38.690+03:00  INFO 75318 --- [api] [main] o.hibernate.jpa.internal.util.LogHelper  : HHH000204: Processing PersistenceUnitInfo [name: default]
2026-03-22T13:11:39.268+03:00  INFO 75318 --- [api] [main] org.hibernate.Version                    : HHH000412: Hibernate ORM core version 6.6.8.Final
2026-03-22T13:11:39.527+03:00  INFO 75318 --- [api] [main] o.h.c.internal.RegionFactoryInitiator    : HHH000026: Second-level cache disabled
2026-03-22T13:11:40.566+03:00  INFO 75318 --- [api] [main] o.s.o.j.p.SpringPersistenceUnitInfo      : No LoadTimeWeaver setup: ignoring JPA class transformer
2026-03-22T13:11:40.643+03:00  INFO 75318 --- [api] [main] com.zaxxer.hikari.HikariDataSource       : HikariPool-1 - Starting...
2026-03-22T13:11:41.290+03:00  INFO 75318 --- [api] [main] com.zaxxer.hikari.pool.HikariPool        : HikariPool-1 - Added connection org.postgresql.jdbc.PgConnection@52b891de
2026-03-22T13:11:41.291+03:00  INFO 75318 --- [api] [main] com.zaxxer.hikari.HikariDataSource       : HikariPool-1 - Start completed.
2026-03-22T13:11:41.409+03:00  WARN 75318 --- [api] [main] org.hibernate.orm.deprecation            : HHH90000025: PostgreSQLDialect does not need to be specified explicitly using 'hibernate.dialect' (remove the property setting and it will be selected by default)
2026-03-22T13:11:41.440+03:00  INFO 75318 --- [api] [main] org.hibernate.orm.connections.pooling    : HHH10001005: Database info:
	Database JDBC URL [Connecting through datasource 'HikariDataSource (HikariPool-1)']
	Database driver: undefined/unknown
	Database version: 16.4
	Autocommit mode: undefined/unknown
	Isolation level: undefined/unknown
	Minimum pool size: undefined/unknown
	Maximum pool size: undefined/unknown
2026-03-22T13:11:43.450+03:00  INFO 75318 --- [api] [main] o.h.e.t.j.p.i.JtaPlatformInitiator       : HHH000489: No JTA platform available (set 'hibernate.transaction.jta.platform' to enable JTA platform integration)
2026-03-22T13:11:43.478+03:00  INFO 75318 --- [api] [main] org.hibernate.orm.connections.access     : HHH10001501: Connection obtained from JdbcConnectionAccess [org.hibernate.engine.jdbc.env.internal.JdbcEnvironmentInitiator$ConnectionProviderJdbcConnectionAccess@148c571c] for (non-JTA) DDL execution was not in auto-commit mode; the Connection 'local transaction' will be committed and the Connection will be set into auto-commit mode.
2026-03-22T13:11:44.287+03:00  WARN 75318 --- [api] [main] o.h.t.s.i.ExceptionHandlerLoggedImpl     : GenerationTarget encountered exception accepting command : Error executing DDL "
    alter table if exists cart 
       add constraint FKg5uhi8vpsuy0lgloxk2h4w5o6 
       foreign key (user_id) 
       references public.users" via JDBC [ERROR: insert or update on table "cart" violates foreign key constraint "fkg5uhi8vpsuy0lgloxk2h4w5o6"
  Detail: Key (user_id)=(1) is not present in table "users".]

org.hibernate.tool.schema.spi.CommandAcceptanceException: Error executing DDL "
    alter table if exists cart 
       add constraint FKg5uhi8vpsuy0lgloxk2h4w5o6 
       foreign key (user_id) 
       references public.users" via JDBC [ERROR: insert or update on table "cart" violates foreign key constraint "fkg5uhi8vpsuy0lgloxk2h4w5o6"
  Detail: Key (user_id)=(1) is not present in table "users".]
	at org.hibernate.tool.schema.internal.exec.GenerationTargetToDatabase.accept(GenerationTargetToDatabase.java:94) ~[hibernate-core-6.6.8.Final.jar:6.6.8.Final]
	at org.hibernate.tool.schema.internal.AbstractSchemaMigrator.applySqlString(AbstractSchemaMigrator.java:576) ~[hibernate-core-6.6.8.Final.jar:6.6.8.Final]
	at org.hibernate.tool.schema.internal.AbstractSchemaMigrator.applySqlStrings(AbstractSchemaMigrator.java:516) ~[hibernate-core-6.6.8.Final.jar:6.6.8.Final]
	at org.hibernate.tool.schema.internal.AbstractSchemaMigrator.applyForeignKeys(AbstractSchemaMigrator.java:448) ~[hibernate-core-6.6.8.Final.jar:6.6.8.Final]
	at org.hibernate.tool.schema.internal.AbstractSchemaMigrator.performMigration(AbstractSchemaMigrator.java:269) ~[hibernate-core-6.6.8.Final.jar:6.6.8.Final]
	at org.hibernate.tool.schema.internal.AbstractSchemaMigrator.doMigration(AbstractSchemaMigrator.java:112) ~[hibernate-core-6.6.8.Final.jar:6.6.8.Final]
	at org.hibernate.tool.schema.spi.SchemaManagementToolCoordinator.performDatabaseAction(SchemaManagementToolCoordinator.java:280) ~[hibernate-core-6.6.8.Final.jar:6.6.8.Final]
	at org.hibernate.tool.schema.spi.SchemaManagementToolCoordinator.lambda$process$5(SchemaManagementToolCoordinator.java:144) ~[hibernate-core-6.6.8.Final.jar:6.6.8.Final]
	at java.base/java.util.HashMap.forEach(HashMap.java:1429) ~[na:na]
	at org.hibernate.tool.schema.spi.SchemaManagementToolCoordinator.process(SchemaManagementToolCoordinator.java:141) ~[hibernate-core-6.6.8.Final.jar:6.6.8.Final]
	at org.hibernate.boot.internal.SessionFactoryObserverForSchemaExport.sessionFactoryCreated(SessionFactoryObserverForSchemaExport.java:37) ~[hibernate-core-6.6.8.Final.jar:6.6.8.Final]
	at org.hibernate.internal.SessionFactoryObserverChain.sessionFactoryCreated(SessionFactoryObserverChain.java:35) ~[hibernate-core-6.6.8.Final.jar:6.6.8.Final]
	at org.hibernate.internal.SessionFactoryImpl.<init>(SessionFactoryImpl.java:324) ~[hibernate-core-6.6.8.Final.jar:6.6.8.Final]
	at org.hibernate.boot.internal.SessionFactoryBuilderImpl.build(SessionFactoryBuilderImpl.java:463) ~[hibernate-core-6.6.8.Final.jar:6.6.8.Final]
	at org.hibernate.jpa.boot.internal.EntityManagerFactoryBuilderImpl.build(EntityManagerFactoryBuilderImpl.java:1517) ~[hibernate-core-6.6.8.Final.jar:6.6.8.Final]
	at org.springframework.orm.jpa.vendor.SpringHibernateJpaPersistenceProvider.createContainerEntityManagerFactory(SpringHibernateJpaPersistenceProvider.java:66) ~[spring-orm-6.2.3.jar:6.2.3]
	at org.springframework.orm.jpa.LocalContainerEntityManagerFactoryBean.createNativeEntityManagerFactory(LocalContainerEntityManagerFactoryBean.java:390) ~[spring-orm-6.2.3.jar:6.2.3]
	at org.springframework.orm.jpa.AbstractEntityManagerFactoryBean.buildNativeEntityManagerFactory(AbstractEntityManagerFactoryBean.java:419) ~[spring-orm-6.2.3.jar:6.2.3]
	at org.springframework.orm.jpa.AbstractEntityManagerFactoryBean.afterPropertiesSet(AbstractEntityManagerFactoryBean.java:400) ~[spring-orm-6.2.3.jar:6.2.3]
	at org.springframework.orm.jpa.LocalContainerEntityManagerFactoryBean.afterPropertiesSet(LocalContainerEntityManagerFactoryBean.java:366) ~[spring-orm-6.2.3.jar:6.2.3]
	at org.springframework.beans.factory.support.AbstractAutowireCapableBeanFactory.invokeInitMethods(AbstractAutowireCapableBeanFactory.java:1859) ~[spring-beans-6.2.3.jar:6.2.3]
	at org.springframework.beans.factory.support.AbstractAutowireCapableBeanFactory.initializeBean(AbstractAutowireCapableBeanFactory.java:1808) ~[spring-beans-6.2.3.jar:6.2.3]
	at org.springframework.beans.factory.support.AbstractAutowireCapableBeanFactory.doCreateBean(AbstractAutowireCapableBeanFactory.java:601) ~[spring-beans-6.2.3.jar:6.2.3]
	at org.springframework.beans.factory.support.AbstractAutowireCapableBeanFactory.createBean(AbstractAutowireCapableBeanFactory.java:523) ~[spring-beans-6.2.3.jar:6.2.3]
	at org.springframework.beans.factory.support.AbstractBeanFactory.lambda$doGetBean$0(AbstractBeanFactory.java:339) ~[spring-beans-6.2.3.jar:6.2.3]
	at org.springframework.beans.factory.support.DefaultSingletonBeanRegistry.getSingleton(DefaultSingletonBeanRegistry.java:346) ~[spring-beans-6.2.3.jar:6.2.3]
	at org.springframework.beans.factory.support.AbstractBeanFactory.doGetBean(AbstractBeanFactory.java:337) ~[spring-beans-6.2.3.jar:6.2.3]
	at org.springframework.beans.factory.support.AbstractBeanFactory.getBean(AbstractBeanFactory.java:207) ~[spring-beans-6.2.3.jar:6.2.3]
	at org.springframework.context.support.AbstractApplicationContext.finishBeanFactoryInitialization(AbstractApplicationContext.java:970) ~[spring-context-6.2.3.jar:6.2.3]
	at org.springframework.context.support.AbstractApplicationContext.refresh(AbstractApplicationContext.java:627) ~[spring-context-6.2.3.jar:6.2.3]
	at org.springframework.boot.SpringApplication.refresh(SpringApplication.java:752) ~[spring-boot-3.4.3.jar:3.4.3]
	at org.springframework.boot.SpringApplication.refreshContext(SpringApplication.java:439) ~[spring-boot-3.4.3.jar:3.4.3]
	at org.springframework.boot.SpringApplication.run(SpringApplication.java:318) ~[spring-boot-3.4.3.jar:3.4.3]
	at org.springframework.boot.test.context.SpringBootContextLoader.lambda$loadContext$3(SpringBootContextLoader.java:137) ~[spring-boot-test-3.4.3.jar:3.4.3]
	at org.springframework.util.function.ThrowingSupplier.get(ThrowingSupplier.java:58) ~[spring-core-6.2.3.jar:6.2.3]
	at org.springframework.util.function.ThrowingSupplier.get(ThrowingSupplier.java:46) ~[spring-core-6.2.3.jar:6.2.3]
	at org.springframework.boot.SpringApplication.withHook(SpringApplication.java:1461) ~[spring-boot-3.4.3.jar:3.4.3]
	at org.springframework.boot.test.context.SpringBootContextLoader$ContextLoaderHook.run(SpringBootContextLoader.java:553) ~[spring-boot-test-3.4.3.jar:3.4.3]
	at org.springframework.boot.test.context.SpringBootContextLoader.loadContext(SpringBootContextLoader.java:137) ~[spring-boot-test-3.4.3.jar:3.4.3]
	at org.springframework.boot.test.context.SpringBootContextLoader.loadContext(SpringBootContextLoader.java:108) ~[spring-boot-test-3.4.3.jar:3.4.3]
	at org.springframework.test.context.cache.DefaultCacheAwareContextLoaderDelegate.loadContextInternal(DefaultCacheAwareContextLoaderDelegate.java:225) ~[spring-test-6.2.3.jar:6.2.3]
	at org.springframework.test.context.cache.DefaultCacheAwareContextLoaderDelegate.loadContext(DefaultCacheAwareContextLoaderDelegate.java:152) ~[spring-test-6.2.3.jar:6.2.3]
	at org.springframework.test.context.support.DefaultTestContext.getApplicationContext(DefaultTestContext.java:130) ~[spring-test-6.2.3.jar:6.2.3]
	at org.springframework.test.context.web.ServletTestExecutionListener.setUpRequestContextIfNecessary(ServletTestExecutionListener.java:200) ~[spring-test-6.2.3.jar:6.2.3]
	at org.springframework.test.context.web.ServletTestExecutionListener.prepareTestInstance(ServletTestExecutionListener.java:139) ~[spring-test-6.2.3.jar:6.2.3]
	at org.springframework.test.context.TestContextManager.prepareTestInstance(TestContextManager.java:260) ~[spring-test-6.2.3.jar:6.2.3]
	at org.springframework.test.context.junit.jupiter.SpringExtension.postProcessTestInstance(SpringExtension.java:160) ~[spring-test-6.2.3.jar:6.2.3]
	at org.junit.jupiter.engine.descriptor.ClassBasedTestDescriptor.lambda$invokeTestInstancePostProcessors$11(ClassBasedTestDescriptor.java:378) ~[junit-jupiter-engine-5.11.4.jar:5.11.4]
	at org.junit.jupiter.engine.descriptor.ClassBasedTestDescriptor.executeAndMaskThrowable(ClassBasedTestDescriptor.java:383) ~[junit-jupiter-engine-5.11.4.jar:5.11.4]
	at org.junit.jupiter.engine.descriptor.ClassBasedTestDescriptor.lambda$invokeTestInstancePostProcessors$12(ClassBasedTestDescriptor.java:378) ~[junit-jupiter-engine-5.11.4.jar:5.11.4]
	at java.base/java.util.stream.ForEachOps$ForEachOp$OfRef.accept(ForEachOps.java:184) ~[na:na]
	at java.base/java.util.stream.ReferencePipeline$3$1.accept(ReferencePipeline.java:197) ~[na:na]
	at java.base/java.util.stream.ReferencePipeline$2$1.accept(ReferencePipeline.java:179) ~[na:na]
	at java.base/java.util.stream.ReferencePipeline$3$1.accept(ReferencePipeline.java:197) ~[na:na]
	at java.base/java.util.ArrayList$ArrayListSpliterator.forEachRemaining(ArrayList.java:1708) ~[na:na]
	at java.base/java.util.stream.AbstractPipeline.copyInto(AbstractPipeline.java:509) ~[na:na]
	at java.base/java.util.stream.AbstractPipeline.wrapAndCopyInto(AbstractPipeline.java:499) ~[na:na]
	at java.base/java.util.stream.ForEachOps$ForEachOp.evaluateSequential(ForEachOps.java:151) ~[na:na]
	at java.base/java.util.stream.ForEachOps$ForEachOp$OfRef.evaluateSequential(ForEachOps.java:174) ~[na:na]
	at java.base/java.util.stream.AbstractPipeline.evaluate(AbstractPipeline.java:234) ~[na:na]
	at java.base/java.util.stream.ReferencePipeline.forEach(ReferencePipeline.java:596) ~[na:na]
	at org.junit.jupiter.engine.descriptor.ClassBasedTestDescriptor.invokeTestInstancePostProcessors(ClassBasedTestDescriptor.java:377) ~[junit-jupiter-engine-5.11.4.jar:5.11.4]
	at org.junit.jupiter.engine.descriptor.ClassBasedTestDescriptor.lambda$instantiateAndPostProcessTestInstance$7(ClassBasedTestDescriptor.java:290) ~[junit-jupiter-engine-5.11.4.jar:5.11.4]
	at org.junit.platform.engine.support.hierarchical.ThrowableCollector.execute(ThrowableCollector.java:73) ~[junit-platform-engine-1.11.4.jar:1.11.4]
	at org.junit.jupiter.engine.descriptor.ClassBasedTestDescriptor.instantiateAndPostProcessTestInstance(ClassBasedTestDescriptor.java:289) ~[junit-jupiter-engine-5.11.4.jar:5.11.4]
	at org.junit.jupiter.engine.descriptor.ClassBasedTestDescriptor.lambda$testInstancesProvider$5(ClassBasedTestDescriptor.java:279) ~[junit-jupiter-engine-5.11.4.jar:5.11.4]
	at java.base/java.util.Optional.orElseGet(Optional.java:364) ~[na:na]
	at org.junit.jupiter.engine.descriptor.ClassBasedTestDescriptor.lambda$testInstancesProvider$6(ClassBasedTestDescriptor.java:278) ~[junit-jupiter-engine-5.11.4.jar:5.11.4]
	at org.junit.jupiter.engine.execution.TestInstancesProvider.getTestInstances(TestInstancesProvider.java:31) ~[junit-jupiter-engine-5.11.4.jar:5.11.4]
	at org.junit.jupiter.engine.descriptor.TestMethodTestDescriptor.lambda$prepare$1(TestMethodTestDescriptor.java:105) ~[junit-jupiter-engine-5.11.4.jar:5.11.4]
	at org.junit.platform.engine.support.hierarchical.ThrowableCollector.execute(ThrowableCollector.java:73) ~[junit-platform-engine-1.11.4.jar:1.11.4]
	at org.junit.jupiter.engine.descriptor.TestMethodTestDescriptor.prepare(TestMethodTestDescriptor.java:104) ~[junit-jupiter-engine-5.11.4.jar:5.11.4]
	at org.junit.jupiter.engine.descriptor.TestMethodTestDescriptor.prepare(TestMethodTestDescriptor.java:68) ~[junit-jupiter-engine-5.11.4.jar:5.11.4]
	at org.junit.platform.engine.support.hierarchical.NodeTestTask.lambda$prepare$2(NodeTestTask.java:128) ~[junit-platform-engine-1.11.4.jar:1.11.4]
	at org.junit.platform.engine.support.hierarchical.ThrowableCollector.execute(ThrowableCollector.java:73) ~[junit-platform-engine-1.11.4.jar:1.11.4]
	at org.junit.platform.engine.support.hierarchical.NodeTestTask.prepare(NodeTestTask.java:128) ~[junit-platform-engine-1.11.4.jar:1.11.4]
	at org.junit.platform.engine.support.hierarchical.NodeTestTask.execute(NodeTestTask.java:95) ~[junit-platform-engine-1.11.4.jar:1.11.4]
	at java.base/java.util.ArrayList.forEach(ArrayList.java:1596) ~[na:na]
	at org.junit.platform.engine.support.hierarchical.SameThreadHierarchicalTestExecutorService.invokeAll(SameThreadHierarchicalTestExecutorService.java:41) ~[junit-platform-engine-1.11.4.jar:1.11.4]
	at org.junit.platform.engine.support.hierarchical.NodeTestTask.lambda$executeRecursively$6(NodeTestTask.java:160) ~[junit-platform-engine-1.11.4.jar:1.11.4]
	at org.junit.platform.engine.support.hierarchical.ThrowableCollector.execute(ThrowableCollector.java:73) ~[junit-platform-engine-1.11.4.jar:1.11.4]
	at org.junit.platform.engine.support.hierarchical.NodeTestTask.lambda$executeRecursively$8(NodeTestTask.java:146) ~[junit-platform-engine-1.11.4.jar:1.11.4]
	at org.junit.platform.engine.support.hierarchical.Node.around(Node.java:137) ~[junit-platform-engine-1.11.4.jar:1.11.4]
	at org.junit.platform.engine.support.hierarchical.NodeTestTask.lambda$executeRecursively$9(NodeTestTask.java:144) ~[junit-platform-engine-1.11.4.jar:1.11.4]
	at org.junit.platform.engine.support.hierarchical.ThrowableCollector.execute(ThrowableCollector.java:73) ~[junit-platform-engine-1.11.4.jar:1.11.4]
	at org.junit.platform.engine.support.hierarchical.NodeTestTask.executeRecursively(NodeTestTask.java:143) ~[junit-platform-engine-1.11.4.jar:1.11.4]
	at org.junit.platform.engine.support.hierarchical.NodeTestTask.execute(NodeTestTask.java:100) ~[junit-platform-engine-1.11.4.jar:1.11.4]
	at java.base/java.util.ArrayList.forEach(ArrayList.java:1596) ~[na:na]
	at org.junit.platform.engine.support.hierarchical.SameThreadHierarchicalTestExecutorService.invokeAll(SameThreadHierarchicalTestExecutorService.java:41) ~[junit-platform-engine-1.11.4.jar:1.11.4]
	at org.junit.platform.engine.support.hierarchical.NodeTestTask.lambda$executeRecursively$6(NodeTestTask.java:160) ~[junit-platform-engine-1.11.4.jar:1.11.4]
	at org.junit.platform.engine.support.hierarchical.ThrowableCollector.execute(ThrowableCollector.java:73) ~[junit-platform-engine-1.11.4.jar:1.11.4]
	at org.junit.platform.engine.support.hierarchical.NodeTestTask.lambda$executeRecursively$8(NodeTestTask.java:146) ~[junit-platform-engine-1.11.4.jar:1.11.4]
	at org.junit.platform.engine.support.hierarchical.Node.around(Node.java:137) ~[junit-platform-engine-1.11.4.jar:1.11.4]
	at org.junit.platform.engine.support.hierarchical.NodeTestTask.lambda$executeRecursively$9(NodeTestTask.java:144) ~[junit-platform-engine-1.11.4.jar:1.11.4]
	at org.junit.platform.engine.support.hierarchical.ThrowableCollector.execute(ThrowableCollector.java:73) ~[junit-platform-engine-1.11.4.jar:1.11.4]
	at org.junit.platform.engine.support.hierarchical.NodeTestTask.executeRecursively(NodeTestTask.java:143) ~[junit-platform-engine-1.11.4.jar:1.11.4]
	at org.junit.platform.engine.support.hierarchical.NodeTestTask.execute(NodeTestTask.java:100) ~[junit-platform-engine-1.11.4.jar:1.11.4]
	at org.junit.platform.engine.support.hierarchical.SameThreadHierarchicalTestExecutorService.submit(SameThreadHierarchicalTestExecutorService.java:35) ~[junit-platform-engine-1.11.4.jar:1.11.4]
	at org.junit.platform.engine.support.hierarchical.HierarchicalTestExecutor.execute(HierarchicalTestExecutor.java:57) ~[junit-platform-engine-1.11.4.jar:1.11.4]
	at org.junit.platform.engine.support.hierarchical.HierarchicalTestEngine.execute(HierarchicalTestEngine.java:54) ~[junit-platform-engine-1.11.4.jar:1.11.4]
	at org.junit.platform.launcher.core.EngineExecutionOrchestrator.execute(EngineExecutionOrchestrator.java:198) ~[junit-platform-launcher-1.11.4.jar:1.11.4]
	at org.junit.platform.launcher.core.EngineExecutionOrchestrator.execute(EngineExecutionOrchestrator.java:169) ~[junit-platform-launcher-1.11.4.jar:1.11.4]
	at org.junit.platform.launcher.core.EngineExecutionOrchestrator.execute(EngineExecutionOrchestrator.java:93) ~[junit-platform-launcher-1.11.4.jar:1.11.4]
	at org.junit.platform.launcher.core.EngineExecutionOrchestrator.lambda$execute$0(EngineExecutionOrchestrator.java:58) ~[junit-platform-launcher-1.11.4.jar:1.11.4]
	at org.junit.platform.launcher.core.EngineExecutionOrchestrator.withInterceptedStreams(EngineExecutionOrchestrator.java:141) ~[junit-platform-launcher-1.11.4.jar:1.11.4]
	at org.junit.platform.launcher.core.EngineExecutionOrchestrator.execute(EngineExecutionOrchestrator.java:57) ~[junit-platform-launcher-1.11.4.jar:1.11.4]
	at org.junit.platform.launcher.core.DefaultLauncher.execute(DefaultLauncher.java:103) ~[junit-platform-launcher-1.11.4.jar:1.11.4]
	at org.junit.platform.launcher.core.DefaultLauncher.execute(DefaultLauncher.java:85) ~[junit-platform-launcher-1.11.4.jar:1.11.4]
	at org.junit.platform.launcher.core.DelegatingLauncher.execute(DelegatingLauncher.java:47) ~[junit-platform-launcher-1.11.4.jar:1.11.4]
	at org.apache.maven.surefire.junitplatform.LazyLauncher.execute(LazyLauncher.java:56) ~[surefire-junit-platform-3.5.2.jar:3.5.2]
	at org.apache.maven.surefire.junitplatform.JUnitPlatformProvider.execute(JUnitPlatformProvider.java:184) ~[surefire-junit-platform-3.5.2.jar:3.5.2]
	at org.apache.maven.surefire.junitplatform.JUnitPlatformProvider.invokeAllTests(JUnitPlatformProvider.java:148) ~[surefire-junit-platform-3.5.2.jar:3.5.2]
	at org.apache.maven.surefire.junitplatform.JUnitPlatformProvider.invoke(JUnitPlatformProvider.java:122) ~[surefire-junit-platform-3.5.2.jar:3.5.2]
	at org.apache.maven.surefire.booter.ForkedBooter.runSuitesInProcess(ForkedBooter.java:385) ~[surefire-booter-3.5.2.jar:3.5.2]
	at org.apache.maven.surefire.booter.ForkedBooter.execute(ForkedBooter.java:162) ~[surefire-booter-3.5.2.jar:3.5.2]
	at org.apache.maven.surefire.booter.ForkedBooter.run(ForkedBooter.java:507) ~[surefire-booter-3.5.2.jar:3.5.2]
	at org.apache.maven.surefire.booter.ForkedBooter.main(ForkedBooter.java:495) ~[surefire-booter-3.5.2.jar:3.5.2]
Caused by: org.postgresql.util.PSQLException: ERROR: insert or update on table "cart" violates foreign key constraint "fkg5uhi8vpsuy0lgloxk2h4w5o6"
  Detail: Key (user_id)=(1) is not present in table "users".
	at org.postgresql.core.v3.QueryExecutorImpl.receiveErrorResponse(QueryExecutorImpl.java:2733) ~[postgresql-42.7.5.jar:42.7.5]
	at org.postgresql.core.v3.QueryExecutorImpl.processResults(QueryExecutorImpl.java:2420) ~[postgresql-42.7.5.jar:42.7.5]
	at org.postgresql.core.v3.QueryExecutorImpl.execute(QueryExecutorImpl.java:372) ~[postgresql-42.7.5.jar:42.7.5]
	at org.postgresql.jdbc.PgStatement.executeInternal(PgStatement.java:517) ~[postgresql-42.7.5.jar:42.7.5]
	at org.postgresql.jdbc.PgStatement.execute(PgStatement.java:434) ~[postgresql-42.7.5.jar:42.7.5]
	at org.postgresql.jdbc.PgStatement.executeWithFlags(PgStatement.java:356) ~[postgresql-42.7.5.jar:42.7.5]
	at org.postgresql.jdbc.PgStatement.executeCachedSql(PgStatement.java:341) ~[postgresql-42.7.5.jar:42.7.5]
	at org.postgresql.jdbc.PgStatement.executeWithFlags(PgStatement.java:317) ~[postgresql-42.7.5.jar:42.7.5]
	at org.postgresql.jdbc.PgStatement.execute(PgStatement.java:312) ~[postgresql-42.7.5.jar:42.7.5]
	at com.zaxxer.hikari.pool.ProxyStatement.execute(ProxyStatement.java:94) ~[HikariCP-5.1.0.jar:na]
	at com.zaxxer.hikari.pool.HikariProxyStatement.execute(HikariProxyStatement.java) ~[HikariCP-5.1.0.jar:na]
	at org.hibernate.tool.schema.internal.exec.GenerationTargetToDatabase.accept(GenerationTargetToDatabase.java:80) ~[hibernate-core-6.6.8.Final.jar:6.6.8.Final]
	... 116 common frames omitted

2026-03-22T13:11:45.854+03:00  INFO 75318 --- [api] [main] j.LocalContainerEntityManagerFactoryBean : Initialized JPA EntityManagerFactory for persistence unit 'default'
2026-03-22T13:11:47.363+03:00  INFO 75318 --- [api] [main] eAuthenticationProviderManagerConfigurer : Global AuthenticationManager configured with AuthenticationProvider bean with name authenticationProvider
2026-03-22T13:11:47.364+03:00  WARN 75318 --- [api] [main] r$InitializeUserDetailsManagerConfigurer : Global AuthenticationManager configured with an AuthenticationProvider bean. UserDetailsService beans will not be used by Spring Security for automatically configuring username/password login. Consider removing the AuthenticationProvider bean. Alternatively, consider using the UserDetailsService in a manually instantiated DaoAuthenticationProvider. If the current configuration is intentional, to turn off this warning, increase the logging level of 'org.springframework.security.config.annotation.authentication.configuration.InitializeUserDetailsBeanManagerConfigurer' to ERROR
2026-03-22T13:11:47.521+03:00  INFO 75318 --- [api] [main] o.s.d.j.r.query.QueryEnhancerFactory     : Hibernate is in classpath; If applicable, HQL parser will be used.
2026-03-22T13:11:49.003+03:00  WARN 75318 --- [api] [main] JpaBaseConfiguration$JpaWebConfiguration : spring.jpa.open-in-view is enabled by default. Therefore, database queries may be performed during view rendering. Explicitly configure spring.jpa.open-in-view to disable this warning
2026-03-22T13:11:50.136+03:00  INFO 75318 --- [api] [main] o.s.b.a.e.web.EndpointLinksResolver      : Exposing 1 endpoint beneath base path '/actuator'
2026-03-22T13:11:50.188+03:00  WARN 75318 --- [api] [main] thorizationManagerRequestMatcherRegistry : One of the patterns in [/auth/**, /api/products, /v2/api-docs, /v3/api-docs, /v3/api-docs/**, /swagger-resources, /swagger-resources/**, /configuration/ui, /configuration/security, swagger-ui/**, /swagger-ui.html] is missing a leading slash. This is discouraged; please include the leading slash in all your request matcher patterns. In future versions of Spring Security, leaving out the leading slash will result in an exception.
2026-03-22T13:11:52.388+03:00  INFO 75318 --- [api] [main] com.kipcollo.ApiApplicationTests         : Started ApiApplicationTests in 22.05 seconds (process running for 25.421)
2026-03-22T13:11:53.709+03:00  INFO 75318 --- [api] [SpringApplicationShutdownHook] j.LocalContainerEntityManagerFactoryBean : Closing JPA EntityManagerFactory for persistence unit 'default'
2026-03-22T13:11:53.712+03:00  INFO 75318 --- [api] [SpringApplicationShutdownHook] com.zaxxer.hikari.HikariDataSource       : HikariPool-1 - Shutdown initiated...
2026-03-22T13:11:53.750+03:00  INFO 75318 --- [api] [SpringApplicationShutdownHook] com.zaxxer.hikari.HikariDataSource       : HikariPool-1 - Shutdown completed.
2026-03-22T14:30:18.556+03:00  INFO 5400 --- [api] [main] com.kipcollo.ApiApplicationTests         : Starting ApiApplicationTests using Java 21.0.10-ea with PID 5400 (started by collins in /home/collins/Documents/03_Projects/Academic/Pharmacy/api)
2026-03-22T14:30:18.590+03:00  INFO 5400 --- [api] [main] com.kipcollo.ApiApplicationTests         : The following 1 profile is active: "dev"
2026-03-22T14:30:57.038+03:00  INFO 5400 --- [api] [main] .s.d.r.c.RepositoryConfigurationDelegate : Bootstrapping Spring Data JPA repositories in DEFAULT mode.
2026-03-22T14:30:59.158+03:00  INFO 5400 --- [api] [main] .s.d.r.c.RepositoryConfigurationDelegate : Finished Spring Data repository scanning in 1436 ms. Found 13 JPA repository interfaces.
2026-03-22T14:31:27.316+03:00  INFO 5400 --- [api] [main] o.hibernate.jpa.internal.util.LogHelper  : HHH000204: Processing PersistenceUnitInfo [name: default]
2026-03-22T14:31:31.977+03:00  INFO 5400 --- [api] [main] org.hibernate.Version                    : HHH000412: Hibernate ORM core version 6.6.8.Final
2026-03-22T14:31:34.156+03:00  INFO 5400 --- [api] [main] o.h.c.internal.RegionFactoryInitiator    : HHH000026: Second-level cache disabled
2026-03-22T14:31:40.886+03:00  INFO 5400 --- [api] [main] o.s.o.j.p.SpringPersistenceUnitInfo      : No LoadTimeWeaver setup: ignoring JPA class transformer
2026-03-22T14:31:41.414+03:00  INFO 5400 --- [api] [main] com.zaxxer.hikari.HikariDataSource       : HikariPool-1 - Starting...
2026-03-22T14:32:02.786+03:00  INFO 5400 --- [api] [main] com.zaxxer.hikari.pool.HikariPool        : HikariPool-1 - Added connection org.postgresql.jdbc.PgConnection@3a45308f
2026-03-22T14:32:03.043+03:00  INFO 5400 --- [api] [main] com.zaxxer.hikari.HikariDataSource       : HikariPool-1 - Start completed.
2026-03-22T14:32:09.403+03:00  WARN 5400 --- [api] [main] org.hibernate.orm.deprecation            : HHH90000025: PostgreSQLDialect does not need to be specified explicitly using 'hibernate.dialect' (remove the property setting and it will be selected by default)
2026-03-22T14:32:11.341+03:00  INFO 5400 --- [api] [main] org.hibernate.orm.connections.pooling    : HHH10001005: Database info:
	Database JDBC URL [Connecting through datasource 'HikariDataSource (HikariPool-1)']
	Database driver: undefined/unknown
	Database version: 16.4
	Autocommit mode: undefined/unknown
	Isolation level: undefined/unknown
	Minimum pool size: undefined/unknown
	Maximum pool size: undefined/unknown
2026-03-22T14:33:05.662+03:00  INFO 5400 --- [api] [main] o.h.e.t.j.p.i.JtaPlatformInitiator       : HHH000489: No JTA platform available (set 'hibernate.transaction.jta.platform' to enable JTA platform integration)
2026-03-22T14:33:11.425+03:00  INFO 5400 --- [api] [main] org.hibernate.orm.connections.access     : HHH10001501: Connection obtained from JdbcConnectionAccess [org.hibernate.engine.jdbc.env.internal.JdbcEnvironmentInitiator$ConnectionProviderJdbcConnectionAccess@ab5d5c8] for (non-JTA) DDL execution was not in auto-commit mode; the Connection 'local transaction' will be committed and the Connection will be set into auto-commit mode.
2026-03-22T14:33:30.854+03:00  WARN 5400 --- [api] [main] o.h.t.s.i.ExceptionHandlerLoggedImpl     : GenerationTarget encountered exception accepting command : Error executing DDL "
    alter table if exists cart 
       add constraint FKg5uhi8vpsuy0lgloxk2h4w5o6 
       foreign key (user_id) 
       references public.users" via JDBC [ERROR: insert or update on table "cart" violates foreign key constraint "fkg5uhi8vpsuy0lgloxk2h4w5o6"
  Detail: Key (user_id)=(1) is not present in table "users".]

org.hibernate.tool.schema.spi.CommandAcceptanceException: Error executing DDL "
    alter table if exists cart 
       add constraint FKg5uhi8vpsuy0lgloxk2h4w5o6 
       foreign key (user_id) 
       references public.users" via JDBC [ERROR: insert or update on table "cart" violates foreign key constraint "fkg5uhi8vpsuy0lgloxk2h4w5o6"
  Detail: Key (user_id)=(1) is not present in table "users".]
	at org.hibernate.tool.schema.internal.exec.GenerationTargetToDatabase.accept(GenerationTargetToDatabase.java:94) ~[hibernate-core-6.6.8.Final.jar:6.6.8.Final]
	at org.hibernate.tool.schema.internal.AbstractSchemaMigrator.applySqlString(AbstractSchemaMigrator.java:576) ~[hibernate-core-6.6.8.Final.jar:6.6.8.Final]
	at org.hibernate.tool.schema.internal.AbstractSchemaMigrator.applySqlStrings(AbstractSchemaMigrator.java:516) ~[hibernate-core-6.6.8.Final.jar:6.6.8.Final]
	at org.hibernate.tool.schema.internal.AbstractSchemaMigrator.applyForeignKeys(AbstractSchemaMigrator.java:448) ~[hibernate-core-6.6.8.Final.jar:6.6.8.Final]
	at org.hibernate.tool.schema.internal.AbstractSchemaMigrator.performMigration(AbstractSchemaMigrator.java:269) ~[hibernate-core-6.6.8.Final.jar:6.6.8.Final]
	at org.hibernate.tool.schema.internal.AbstractSchemaMigrator.doMigration(AbstractSchemaMigrator.java:112) ~[hibernate-core-6.6.8.Final.jar:6.6.8.Final]
	at org.hibernate.tool.schema.spi.SchemaManagementToolCoordinator.performDatabaseAction(SchemaManagementToolCoordinator.java:280) ~[hibernate-core-6.6.8.Final.jar:6.6.8.Final]
	at org.hibernate.tool.schema.spi.SchemaManagementToolCoordinator.lambda$process$5(SchemaManagementToolCoordinator.java:144) ~[hibernate-core-6.6.8.Final.jar:6.6.8.Final]
	at java.base/java.util.HashMap.forEach(HashMap.java:1429) ~[na:na]
	at org.hibernate.tool.schema.spi.SchemaManagementToolCoordinator.process(SchemaManagementToolCoordinator.java:141) ~[hibernate-core-6.6.8.Final.jar:6.6.8.Final]
	at org.hibernate.boot.internal.SessionFactoryObserverForSchemaExport.sessionFactoryCreated(SessionFactoryObserverForSchemaExport.java:37) ~[hibernate-core-6.6.8.Final.jar:6.6.8.Final]
	at org.hibernate.internal.SessionFactoryObserverChain.sessionFactoryCreated(SessionFactoryObserverChain.java:35) ~[hibernate-core-6.6.8.Final.jar:6.6.8.Final]
	at org.hibernate.internal.SessionFactoryImpl.<init>(SessionFactoryImpl.java:324) ~[hibernate-core-6.6.8.Final.jar:6.6.8.Final]
	at org.hibernate.boot.internal.SessionFactoryBuilderImpl.build(SessionFactoryBuilderImpl.java:463) ~[hibernate-core-6.6.8.Final.jar:6.6.8.Final]
	at org.hibernate.jpa.boot.internal.EntityManagerFactoryBuilderImpl.build(EntityManagerFactoryBuilderImpl.java:1517) ~[hibernate-core-6.6.8.Final.jar:6.6.8.Final]
	at org.springframework.orm.jpa.vendor.SpringHibernateJpaPersistenceProvider.createContainerEntityManagerFactory(SpringHibernateJpaPersistenceProvider.java:66) ~[spring-orm-6.2.3.jar:6.2.3]
	at org.springframework.orm.jpa.LocalContainerEntityManagerFactoryBean.createNativeEntityManagerFactory(LocalContainerEntityManagerFactoryBean.java:390) ~[spring-orm-6.2.3.jar:6.2.3]
	at org.springframework.orm.jpa.AbstractEntityManagerFactoryBean.buildNativeEntityManagerFactory(AbstractEntityManagerFactoryBean.java:419) ~[spring-orm-6.2.3.jar:6.2.3]
	at org.springframework.orm.jpa.AbstractEntityManagerFactoryBean.afterPropertiesSet(AbstractEntityManagerFactoryBean.java:400) ~[spring-orm-6.2.3.jar:6.2.3]
	at org.springframework.orm.jpa.LocalContainerEntityManagerFactoryBean.afterPropertiesSet(LocalContainerEntityManagerFactoryBean.java:366) ~[spring-orm-6.2.3.jar:6.2.3]
	at org.springframework.beans.factory.support.AbstractAutowireCapableBeanFactory.invokeInitMethods(AbstractAutowireCapableBeanFactory.java:1859) ~[spring-beans-6.2.3.jar:6.2.3]
	at org.springframework.beans.factory.support.AbstractAutowireCapableBeanFactory.initializeBean(AbstractAutowireCapableBeanFactory.java:1808) ~[spring-beans-6.2.3.jar:6.2.3]
	at org.springframework.beans.factory.support.AbstractAutowireCapableBeanFactory.doCreateBean(AbstractAutowireCapableBeanFactory.java:601) ~[spring-beans-6.2.3.jar:6.2.3]
	at org.springframework.beans.factory.support.AbstractAutowireCapableBeanFactory.createBean(AbstractAutowireCapableBeanFactory.java:523) ~[spring-beans-6.2.3.jar:6.2.3]
	at org.springframework.beans.factory.support.AbstractBeanFactory.lambda$doGetBean$0(AbstractBeanFactory.java:339) ~[spring-beans-6.2.3.jar:6.2.3]
	at org.springframework.beans.factory.support.DefaultSingletonBeanRegistry.getSingleton(DefaultSingletonBeanRegistry.java:346) ~[spring-beans-6.2.3.jar:6.2.3]
	at org.springframework.beans.factory.support.AbstractBeanFactory.doGetBean(AbstractBeanFactory.java:337) ~[spring-beans-6.2.3.jar:6.2.3]
	at org.springframework.beans.factory.support.AbstractBeanFactory.getBean(AbstractBeanFactory.java:207) ~[spring-beans-6.2.3.jar:6.2.3]
	at org.springframework.context.support.AbstractApplicationContext.finishBeanFactoryInitialization(AbstractApplicationContext.java:970) ~[spring-context-6.2.3.jar:6.2.3]
	at org.springframework.context.support.AbstractApplicationContext.refresh(AbstractApplicationContext.java:627) ~[spring-context-6.2.3.jar:6.2.3]
	at org.springframework.boot.SpringApplication.refresh(SpringApplication.java:752) ~[spring-boot-3.4.3.jar:3.4.3]
	at org.springframework.boot.SpringApplication.refreshContext(SpringApplication.java:439) ~[spring-boot-3.4.3.jar:3.4.3]
	at org.springframework.boot.SpringApplication.run(SpringApplication.java:318) ~[spring-boot-3.4.3.jar:3.4.3]
	at org.springframework.boot.test.context.SpringBootContextLoader.lambda$loadContext$3(SpringBootContextLoader.java:137) ~[spring-boot-test-3.4.3.jar:3.4.3]
	at org.springframework.util.function.ThrowingSupplier.get(ThrowingSupplier.java:58) ~[spring-core-6.2.3.jar:6.2.3]
	at org.springframework.util.function.ThrowingSupplier.get(ThrowingSupplier.java:46) ~[spring-core-6.2.3.jar:6.2.3]
	at org.springframework.boot.SpringApplication.withHook(SpringApplication.java:1461) ~[spring-boot-3.4.3.jar:3.4.3]
	at org.springframework.boot.test.context.SpringBootContextLoader$ContextLoaderHook.run(SpringBootContextLoader.java:553) ~[spring-boot-test-3.4.3.jar:3.4.3]
	at org.springframework.boot.test.context.SpringBootContextLoader.loadContext(SpringBootContextLoader.java:137) ~[spring-boot-test-3.4.3.jar:3.4.3]
	at org.springframework.boot.test.context.SpringBootContextLoader.loadContext(SpringBootContextLoader.java:108) ~[spring-boot-test-3.4.3.jar:3.4.3]
	at org.springframework.test.context.cache.DefaultCacheAwareContextLoaderDelegate.loadContextInternal(DefaultCacheAwareContextLoaderDelegate.java:225) ~[spring-test-6.2.3.jar:6.2.3]
	at org.springframework.test.context.cache.DefaultCacheAwareContextLoaderDelegate.loadContext(DefaultCacheAwareContextLoaderDelegate.java:152) ~[spring-test-6.2.3.jar:6.2.3]
	at org.springframework.test.context.support.DefaultTestContext.getApplicationContext(DefaultTestContext.java:130) ~[spring-test-6.2.3.jar:6.2.3]
	at org.springframework.test.context.web.ServletTestExecutionListener.setUpRequestContextIfNecessary(ServletTestExecutionListener.java:200) ~[spring-test-6.2.3.jar:6.2.3]
	at org.springframework.test.context.web.ServletTestExecutionListener.prepareTestInstance(ServletTestExecutionListener.java:139) ~[spring-test-6.2.3.jar:6.2.3]
	at org.springframework.test.context.TestContextManager.prepareTestInstance(TestContextManager.java:260) ~[spring-test-6.2.3.jar:6.2.3]
	at org.springframework.test.context.junit.jupiter.SpringExtension.postProcessTestInstance(SpringExtension.java:160) ~[spring-test-6.2.3.jar:6.2.3]
	at org.junit.jupiter.engine.descriptor.ClassBasedTestDescriptor.lambda$invokeTestInstancePostProcessors$11(ClassBasedTestDescriptor.java:378) ~[junit-jupiter-engine-5.11.4.jar:5.11.4]
	at org.junit.jupiter.engine.descriptor.ClassBasedTestDescriptor.executeAndMaskThrowable(ClassBasedTestDescriptor.java:383) ~[junit-jupiter-engine-5.11.4.jar:5.11.4]
	at org.junit.jupiter.engine.descriptor.ClassBasedTestDescriptor.lambda$invokeTestInstancePostProcessors$12(ClassBasedTestDescriptor.java:378) ~[junit-jupiter-engine-5.11.4.jar:5.11.4]
	at java.base/java.util.stream.ForEachOps$ForEachOp$OfRef.accept(ForEachOps.java:184) ~[na:na]
	at java.base/java.util.stream.ReferencePipeline$3$1.accept(ReferencePipeline.java:197) ~[na:na]
	at java.base/java.util.stream.ReferencePipeline$2$1.accept(ReferencePipeline.java:179) ~[na:na]
	at java.base/java.util.stream.ReferencePipeline$3$1.accept(ReferencePipeline.java:197) ~[na:na]
	at java.base/java.util.ArrayList$ArrayListSpliterator.forEachRemaining(ArrayList.java:1708) ~[na:na]
	at java.base/java.util.stream.AbstractPipeline.copyInto(AbstractPipeline.java:509) ~[na:na]
	at java.base/java.util.stream.AbstractPipeline.wrapAndCopyInto(AbstractPipeline.java:499) ~[na:na]
	at java.base/java.util.stream.ForEachOps$ForEachOp.evaluateSequential(ForEachOps.java:151) ~[na:na]
	at java.base/java.util.stream.ForEachOps$ForEachOp$OfRef.evaluateSequential(ForEachOps.java:174) ~[na:na]
	at java.base/java.util.stream.AbstractPipeline.evaluate(AbstractPipeline.java:234) ~[na:na]
	at java.base/java.util.stream.ReferencePipeline.forEach(ReferencePipeline.java:596) ~[na:na]
	at org.junit.jupiter.engine.descriptor.ClassBasedTestDescriptor.invokeTestInstancePostProcessors(ClassBasedTestDescriptor.java:377) ~[junit-jupiter-engine-5.11.4.jar:5.11.4]
	at org.junit.jupiter.engine.descriptor.ClassBasedTestDescriptor.lambda$instantiateAndPostProcessTestInstance$7(ClassBasedTestDescriptor.java:290) ~[junit-jupiter-engine-5.11.4.jar:5.11.4]
	at org.junit.platform.engine.support.hierarchical.ThrowableCollector.execute(ThrowableCollector.java:73) ~[junit-platform-engine-1.11.4.jar:1.11.4]
	at org.junit.jupiter.engine.descriptor.ClassBasedTestDescriptor.instantiateAndPostProcessTestInstance(ClassBasedTestDescriptor.java:289) ~[junit-jupiter-engine-5.11.4.jar:5.11.4]
	at org.junit.jupiter.engine.descriptor.ClassBasedTestDescriptor.lambda$testInstancesProvider$5(ClassBasedTestDescriptor.java:279) ~[junit-jupiter-engine-5.11.4.jar:5.11.4]
	at java.base/java.util.Optional.orElseGet(Optional.java:364) ~[na:na]
	at org.junit.jupiter.engine.descriptor.ClassBasedTestDescriptor.lambda$testInstancesProvider$6(ClassBasedTestDescriptor.java:278) ~[junit-jupiter-engine-5.11.4.jar:5.11.4]
	at org.junit.jupiter.engine.execution.TestInstancesProvider.getTestInstances(TestInstancesProvider.java:31) ~[junit-jupiter-engine-5.11.4.jar:5.11.4]
	at org.junit.jupiter.engine.descriptor.TestMethodTestDescriptor.lambda$prepare$1(TestMethodTestDescriptor.java:105) ~[junit-jupiter-engine-5.11.4.jar:5.11.4]
	at org.junit.platform.engine.support.hierarchical.ThrowableCollector.execute(ThrowableCollector.java:73) ~[junit-platform-engine-1.11.4.jar:1.11.4]
	at org.junit.jupiter.engine.descriptor.TestMethodTestDescriptor.prepare(TestMethodTestDescriptor.java:104) ~[junit-jupiter-engine-5.11.4.jar:5.11.4]
	at org.junit.jupiter.engine.descriptor.TestMethodTestDescriptor.prepare(TestMethodTestDescriptor.java:68) ~[junit-jupiter-engine-5.11.4.jar:5.11.4]
	at org.junit.platform.engine.support.hierarchical.NodeTestTask.lambda$prepare$2(NodeTestTask.java:128) ~[junit-platform-engine-1.11.4.jar:1.11.4]
	at org.junit.platform.engine.support.hierarchical.ThrowableCollector.execute(ThrowableCollector.java:73) ~[junit-platform-engine-1.11.4.jar:1.11.4]
	at org.junit.platform.engine.support.hierarchical.NodeTestTask.prepare(NodeTestTask.java:128) ~[junit-platform-engine-1.11.4.jar:1.11.4]
	at org.junit.platform.engine.support.hierarchical.NodeTestTask.execute(NodeTestTask.java:95) ~[junit-platform-engine-1.11.4.jar:1.11.4]
	at java.base/java.util.ArrayList.forEach(ArrayList.java:1596) ~[na:na]
	at org.junit.platform.engine.support.hierarchical.SameThreadHierarchicalTestExecutorService.invokeAll(SameThreadHierarchicalTestExecutorService.java:41) ~[junit-platform-engine-1.11.4.jar:1.11.4]
	at org.junit.platform.engine.support.hierarchical.NodeTestTask.lambda$executeRecursively$6(NodeTestTask.java:160) ~[junit-platform-engine-1.11.4.jar:1.11.4]
	at org.junit.platform.engine.support.hierarchical.ThrowableCollector.execute(ThrowableCollector.java:73) ~[junit-platform-engine-1.11.4.jar:1.11.4]
	at org.junit.platform.engine.support.hierarchical.NodeTestTask.lambda$executeRecursively$8(NodeTestTask.java:146) ~[junit-platform-engine-1.11.4.jar:1.11.4]
	at org.junit.platform.engine.support.hierarchical.Node.around(Node.java:137) ~[junit-platform-engine-1.11.4.jar:1.11.4]
	at org.junit.platform.engine.support.hierarchical.NodeTestTask.lambda$executeRecursively$9(NodeTestTask.java:144) ~[junit-platform-engine-1.11.4.jar:1.11.4]
	at org.junit.platform.engine.support.hierarchical.ThrowableCollector.execute(ThrowableCollector.java:73) ~[junit-platform-engine-1.11.4.jar:1.11.4]
	at org.junit.platform.engine.support.hierarchical.NodeTestTask.executeRecursively(NodeTestTask.java:143) ~[junit-platform-engine-1.11.4.jar:1.11.4]
	at org.junit.platform.engine.support.hierarchical.NodeTestTask.execute(NodeTestTask.java:100) ~[junit-platform-engine-1.11.4.jar:1.11.4]
	at java.base/java.util.ArrayList.forEach(ArrayList.java:1596) ~[na:na]
	at org.junit.platform.engine.support.hierarchical.SameThreadHierarchicalTestExecutorService.invokeAll(SameThreadHierarchicalTestExecutorService.java:41) ~[junit-platform-engine-1.11.4.jar:1.11.4]
	at org.junit.platform.engine.support.hierarchical.NodeTestTask.lambda$executeRecursively$6(NodeTestTask.java:160) ~[junit-platform-engine-1.11.4.jar:1.11.4]
	at org.junit.platform.engine.support.hierarchical.ThrowableCollector.execute(ThrowableCollector.java:73) ~[junit-platform-engine-1.11.4.jar:1.11.4]
	at org.junit.platform.engine.support.hierarchical.NodeTestTask.lambda$executeRecursively$8(NodeTestTask.java:146) ~[junit-platform-engine-1.11.4.jar:1.11.4]
	at org.junit.platform.engine.support.hierarchical.Node.around(Node.java:137) ~[junit-platform-engine-1.11.4.jar:1.11.4]
	at org.junit.platform.engine.support.hierarchical.NodeTestTask.lambda$executeRecursively$9(NodeTestTask.java:144) ~[junit-platform-engine-1.11.4.jar:1.11.4]
	at org.junit.platform.engine.support.hierarchical.ThrowableCollector.execute(ThrowableCollector.java:73) ~[junit-platform-engine-1.11.4.jar:1.11.4]
	at org.junit.platform.engine.support.hierarchical.NodeTestTask.executeRecursively(NodeTestTask.java:143) ~[junit-platform-engine-1.11.4.jar:1.11.4]
	at org.junit.platform.engine.support.hierarchical.NodeTestTask.execute(NodeTestTask.java:100) ~[junit-platform-engine-1.11.4.jar:1.11.4]
	at org.junit.platform.engine.support.hierarchical.SameThreadHierarchicalTestExecutorService.submit(SameThreadHierarchicalTestExecutorService.java:35) ~[junit-platform-engine-1.11.4.jar:1.11.4]
	at org.junit.platform.engine.support.hierarchical.HierarchicalTestExecutor.execute(HierarchicalTestExecutor.java:57) ~[junit-platform-engine-1.11.4.jar:1.11.4]
	at org.junit.platform.engine.support.hierarchical.HierarchicalTestEngine.execute(HierarchicalTestEngine.java:54) ~[junit-platform-engine-1.11.4.jar:1.11.4]
	at org.junit.platform.launcher.core.EngineExecutionOrchestrator.execute(EngineExecutionOrchestrator.java:198) ~[junit-platform-launcher-1.11.4.jar:1.11.4]
	at org.junit.platform.launcher.core.EngineExecutionOrchestrator.execute(EngineExecutionOrchestrator.java:169) ~[junit-platform-launcher-1.11.4.jar:1.11.4]
	at org.junit.platform.launcher.core.EngineExecutionOrchestrator.execute(EngineExecutionOrchestrator.java:93) ~[junit-platform-launcher-1.11.4.jar:1.11.4]
	at org.junit.platform.launcher.core.EngineExecutionOrchestrator.lambda$execute$0(EngineExecutionOrchestrator.java:58) ~[junit-platform-launcher-1.11.4.jar:1.11.4]
	at org.junit.platform.launcher.core.EngineExecutionOrchestrator.withInterceptedStreams(EngineExecutionOrchestrator.java:141) ~[junit-platform-launcher-1.11.4.jar:1.11.4]
	at org.junit.platform.launcher.core.EngineExecutionOrchestrator.execute(EngineExecutionOrchestrator.java:57) ~[junit-platform-launcher-1.11.4.jar:1.11.4]
	at org.junit.platform.launcher.core.DefaultLauncher.execute(DefaultLauncher.java:103) ~[junit-platform-launcher-1.11.4.jar:1.11.4]
	at org.junit.platform.launcher.core.DefaultLauncher.execute(DefaultLauncher.java:85) ~[junit-platform-launcher-1.11.4.jar:1.11.4]
	at org.junit.platform.launcher.core.DelegatingLauncher.execute(DelegatingLauncher.java:47) ~[junit-platform-launcher-1.11.4.jar:1.11.4]
	at org.apache.maven.surefire.junitplatform.LazyLauncher.execute(LazyLauncher.java:56) ~[surefire-junit-platform-3.5.2.jar:3.5.2]
	at org.apache.maven.surefire.junitplatform.JUnitPlatformProvider.execute(JUnitPlatformProvider.java:184) ~[surefire-junit-platform-3.5.2.jar:3.5.2]
	at org.apache.maven.surefire.junitplatform.JUnitPlatformProvider.invokeAllTests(JUnitPlatformProvider.java:148) ~[surefire-junit-platform-3.5.2.jar:3.5.2]
	at org.apache.maven.surefire.junitplatform.JUnitPlatformProvider.invoke(JUnitPlatformProvider.java:122) ~[surefire-junit-platform-3.5.2.jar:3.5.2]
	at org.apache.maven.surefire.booter.ForkedBooter.runSuitesInProcess(ForkedBooter.java:385) ~[surefire-booter-3.5.2.jar:3.5.2]
	at org.apache.maven.surefire.booter.ForkedBooter.execute(ForkedBooter.java:162) ~[surefire-booter-3.5.2.jar:3.5.2]
	at org.apache.maven.surefire.booter.ForkedBooter.run(ForkedBooter.java:507) ~[surefire-booter-3.5.2.jar:3.5.2]
	at org.apache.maven.surefire.booter.ForkedBooter.main(ForkedBooter.java:495) ~[surefire-booter-3.5.2.jar:3.5.2]
Caused by: org.postgresql.util.PSQLException: ERROR: insert or update on table "cart" violates foreign key constraint "fkg5uhi8vpsuy0lgloxk2h4w5o6"
  Detail: Key (user_id)=(1) is not present in table "users".
	at org.postgresql.core.v3.QueryExecutorImpl.receiveErrorResponse(QueryExecutorImpl.java:2733) ~[postgresql-42.7.5.jar:42.7.5]
	at org.postgresql.core.v3.QueryExecutorImpl.processResults(QueryExecutorImpl.java:2420) ~[postgresql-42.7.5.jar:42.7.5]
	at org.postgresql.core.v3.QueryExecutorImpl.execute(QueryExecutorImpl.java:372) ~[postgresql-42.7.5.jar:42.7.5]
	at org.postgresql.jdbc.PgStatement.executeInternal(PgStatement.java:517) ~[postgresql-42.7.5.jar:42.7.5]
	at org.postgresql.jdbc.PgStatement.execute(PgStatement.java:434) ~[postgresql-42.7.5.jar:42.7.5]
	at org.postgresql.jdbc.PgStatement.executeWithFlags(PgStatement.java:356) ~[postgresql-42.7.5.jar:42.7.5]
	at org.postgresql.jdbc.PgStatement.executeCachedSql(PgStatement.java:341) ~[postgresql-42.7.5.jar:42.7.5]
	at org.postgresql.jdbc.PgStatement.executeWithFlags(PgStatement.java:317) ~[postgresql-42.7.5.jar:42.7.5]
	at org.postgresql.jdbc.PgStatement.execute(PgStatement.java:312) ~[postgresql-42.7.5.jar:42.7.5]
	at com.zaxxer.hikari.pool.ProxyStatement.execute(ProxyStatement.java:94) ~[HikariCP-5.1.0.jar:na]
	at com.zaxxer.hikari.pool.HikariProxyStatement.execute(HikariProxyStatement.java) ~[HikariCP-5.1.0.jar:na]
	at org.hibernate.tool.schema.internal.exec.GenerationTargetToDatabase.accept(GenerationTargetToDatabase.java:80) ~[hibernate-core-6.6.8.Final.jar:6.6.8.Final]
	... 116 common frames omitted

2026-03-22T14:33:35.141+03:00  INFO 5400 --- [api] [main] j.LocalContainerEntityManagerFactoryBean : Initialized JPA EntityManagerFactory for persistence unit 'default'
2026-03-22T14:34:03.209+03:00  INFO 5400 --- [api] [main] eAuthenticationProviderManagerConfigurer : Global AuthenticationManager configured with AuthenticationProvider bean with name authenticationProvider
2026-03-22T14:34:03.210+03:00  WARN 5400 --- [api] [main] r$InitializeUserDetailsManagerConfigurer : Global AuthenticationManager configured with an AuthenticationProvider bean. UserDetailsService beans will not be used by Spring Security for automatically configuring username/password login. Consider removing the AuthenticationProvider bean. Alternatively, consider using the UserDetailsService in a manually instantiated DaoAuthenticationProvider. If the current configuration is intentional, to turn off this warning, increase the logging level of 'org.springframework.security.config.annotation.authentication.configuration.InitializeUserDetailsBeanManagerConfigurer' to ERROR
2026-03-22T14:34:04.647+03:00  INFO 5400 --- [api] [main] o.s.d.j.r.query.QueryEnhancerFactory     : Hibernate is in classpath; If applicable, HQL parser will be used.
2026-03-22T14:34:10.809+03:00  WARN 5400 --- [api] [main] JpaBaseConfiguration$JpaWebConfiguration : spring.jpa.open-in-view is enabled by default. Therefore, database queries may be performed during view rendering. Explicitly configure spring.jpa.open-in-view to disable this warning
2026-03-22T14:34:23.918+03:00  INFO 5400 --- [api] [main] o.s.b.a.e.web.EndpointLinksResolver      : Exposing 1 endpoint beneath base path '/actuator'
2026-03-22T14:34:24.346+03:00  WARN 5400 --- [api] [main] thorizationManagerRequestMatcherRegistry : One of the patterns in [/auth/**, /api/products, /v2/api-docs, /v3/api-docs, /v3/api-docs/**, /swagger-resources, /swagger-resources/**, /configuration/ui, /configuration/security, swagger-ui/**, /swagger-ui.html] is missing a leading slash. This is discouraged; please include the leading slash in all your request matcher patterns. In future versions of Spring Security, leaving out the leading slash will result in an exception.
2026-03-22T14:34:44.680+03:00  INFO 5400 --- [api] [main] com.kipcollo.ApiApplicationTests         : Started ApiApplicationTests in 272.074 seconds (process running for 285.744)
2026-03-22T14:34:57.161+03:00  INFO 5400 --- [api] [SpringApplicationShutdownHook] j.LocalContainerEntityManagerFactoryBean : Closing JPA EntityManagerFactory for persistence unit 'default'
2026-03-22T14:34:57.163+03:00  INFO 5400 --- [api] [SpringApplicationShutdownHook] com.zaxxer.hikari.HikariDataSource       : HikariPool-1 - Shutdown initiated...
2026-03-22T14:34:57.465+03:00  INFO 5400 --- [api] [SpringApplicationShutdownHook] com.zaxxer.hikari.HikariDataSource       : HikariPool-1 - Shutdown completed.
